warehouse_id,product_id,available_qty,reserved_qty,reorder_level,updated_at
WH01,P00006,13,4,43,2026-09-25 04:07:21
WH01,P00007,61,16,49,2026-09-25 02:38:15
WH01,P00009,73,9,58,2026-09-24 00:44:47
WH01,P00011,393,23,28,2026-09-23 03:23:18
WH01,P00014,372,8,73,2026-09-23 00:27:30
WH01,P00015,215,37,30,2026-09-24 03:58:58
WH01,P00016,169,14,77,2026-09-25 02:35:04
WH01,P00017,225,23,52,2026-09-24 05:29:36
WH01,P00020,95,14,83,2026-09-24 03:51:03
WH01,P00021,140,26,30,2026-09-24 00:53:33
WH01,P00022,293,9,87,2026-09-25 01:28:00
WH01,P00024,87,35,97,2026-09-25 01:27:52
WH01,P00026,137,2,35,2026-09-23 20:07:50
WH01,P00027,36,27,84,2026-09-25 15:21:35
WH01,P00029,119,1,85,2026-09-23 02:49:24
WH01,P00031,335,29,61,2026-09-24 02:52:43
WH01,P00036,284,26,56,2026-09-24 08:43:49
WH01,P00037,114,8,22,2026-09-24 10:47:12
WH01,P00042,53,4,83,2026-09-25 00:28:31
WH01,P00043,4,1,46,2026-09-25 22:25:39
WH01,P00047,309,6,48,2026-09-23 08:29:17
WH01,P00049,280,31,24,2026-09-23 21:23:59
WH01,P00050,219,4,28,2026-09-25 13:02:18
WH01,P00051,183,24,58,2026-09-25 15:33:20
WH01,P00052,37,29,47,2026-09-23 06:57:07
WH01,P00053,206,0,76,2026-09-23 12:30:13
WH01,P00054,91,46,32,2026-09-25 03:15:08
WH01,P00071,377,4,36,2026-09-25 10:39:08
WH01,P00072,321,22,58,2026-09-23 07:24:14
WH01,P00073,185,25,69,2026-09-25 17:43:45
WH01,P00074,392,23,47,2026-09-25 03:54:00
WH01,P00075,395,18,27,2026-09-25 01:42:53
WH01,P00076,113,12,37,2026-09-23 02:20:52
WH01,P00078,0,0,38,2026-09-25 14:53:06
WH01,P00080,153,12,84,2026-09-24 10:12:07
WH01,P00082,72,43,99,2026-09-24 13:28:41
WH01,P00085,169,49,58,2026-09-25 04:26:21
WH01,P00087,314,19,67,2026-09-23 07:05:48
WH01,P00089,219,43,65,2026-09-25 04:49:36
WH01,P00090,98,37,35,2026-09-23 03:10:42
WH01,P00091,224,44,23,2026-09-24 09:28:08
WH01,P00092,3,1,84,2026-09-24 16:31:47
WH01,P00094,113,23,91,2026-09-24 01:22:24
WH01,P00099,88,49,36,2026-09-25 16:04:35
WH01,P00101,16,8,57,2026-09-24 06:40:17
WH01,P00106,205,31,48,2026-09-23 05:05:58
WH01,P00107,251,27,32,2026-09-23 04:14:00
WH01,P00109,29,12,79,2026-09-23 03:42:36
WH01,P00110,6,4,98,2026-09-24 16:38:28
WH01,P00111,243,18,85,2026-09-23 11:42:15
WH01,P00113,48,32,58,2026-09-25 14:48:41
WH01,P00116,259,5,80,2026-09-24 04:36:14
WH01,P00127,37,16,96,2026-09-25 18:39:44
WH01,P00130,241,42,74,2026-09-23 17:29:20
WH01,P00133,271,47,40,2026-09-24 00:40:26
WH01,P00134,165,39,97,2026-09-24 03:56:04
WH01,P00137,287,18,23,2026-09-24 07:08:07
WH01,P00141,372,5,70,2026-09-23 01:03:09
WH01,P00142,17,10,75,2026-09-23 09:56:35
WH01,P00144,306,33,71,2026-09-25 23:45:25
WH01,P00145,93,43,33,2026-09-25 14:07:06
WH01,P00149,15,11,77,2026-09-25 11:59:07
WH01,P00150,248,12,33,2026-09-23 07:55:15
WH01,P00153,382,32,20,2026-09-23 12:52:21
WH01,P00155,15,2,98,2026-09-23 09:34:31
WH01,P00156,254,19,91,2026-09-23 06:42:26
WH01,P00160,59,11,88,2026-09-23 04:36:19
WH01,P00161,72,2,85,2026-09-23 04:37:50
WH01,P00162,122,50,93,2026-09-25 18:15:38
WH01,P00164,318,0,77,2026-09-23 11:49:59
WH01,P00166,171,42,48,2026-09-25 21:21:51
WH01,P00167,119,44,68,2026-09-24 22:00:20
WH01,P00168,367,2,92,2026-09-24 01:43:37
WH01,P00171,22,3,83,2026-09-24 08:33:49
WH01,P00172,59,45,44,2026-09-25 03:11:15
WH01,P00173,223,45,52,2026-09-25 04:27:44
WH01,P00177,124,45,71,2026-09-24 08:10:24
WH01,P00179,314,25,44,2026-09-23 20:07:10
WH01,P00182,353,46,57,2026-09-24 22:50:44
WH01,P00183,348,1,97,2026-09-24 20:21:44
WH01,P00185,366,36,29,2026-09-23 00:09:36
WH01,P00187,293,49,74,2026-09-24 05:11:51
WH01,P00188,139,1,63,2026-09-23 00:57:23
WH01,P00189,239,1,74,2026-09-23 04:58:43
WH01,P00190,213,37,93,2026-09-24 04:36:26
WH01,P00192,383,22,91,2026-09-23 13:26:20
WH01,P00193,250,12,74,2026-09-23 16:53:33
WH01,P00194,310,29,33,2026-09-24 06:40:30
WH01,P00195,300,49,92,2026-09-23 21:14:11
WH01,P00196,295,47,92,2026-09-25 17:12:08
WH01,P00199,70,37,67,2026-09-23 10:49:45
WH01,P00205,224,11,20,2026-09-23 05:58:33
WH01,P00207,154,9,78,2026-09-23 23:51:19
WH01,P00209,397,17,38,2026-09-24 14:19:32
WH01,P00212,162,15,47,2026-09-24 04:08:16
WH01,P00213,267,43,37,2026-09-23 22:50:51
WH01,P00214,368,8,54,2026-09-23 20:20:29
WH01,P00215,165,23,56,2026-09-25 23:09:18
WH01,P00217,266,40,54,2026-09-24 04:42:08
WH01,P00219,218,42,33,2026-09-23 05:12:18
WH01,P00220,204,16,75,2026-09-23 05:48:51
WH01,P00223,125,49,25,2026-09-23 08:53:59
WH01,P00224,264,46,52,2026-09-24 22:01:59
WH01,P00230,385,28,58,2026-09-25 13:34:09
WH01,P00232,227,25,33,2026-09-25 23:17:19
WH01,P00233,135,32,89,2026-09-24 01:16:55
WH01,P00239,254,3,38,2026-09-23 14:36:42
WH01,P00243,192,0,80,2026-09-24 15:43:31
WH01,P00244,291,11,26,2026-09-25 21:37:57
WH01,P00245,370,14,69,2026-09-25 05:46:03
WH01,P00247,380,12,47,2026-09-23 21:20:40
WH01,P00250,368,36,46,2026-09-23 16:10:05
WH01,P00251,380,23,59,2026-09-23 10:39:20
WH01,P00253,139,31,60,2026-09-24 01:40:14
WH01,P00254,368,45,94,2026-09-25 03:17:41
WH01,P00262,347,48,38,2026-09-24 05:52:06
WH01,P00263,245,24,83,2026-09-24 15:13:22
WH01,P00269,146,5,48,2026-09-23 00:39:27
WH01,P00275,56,41,58,2026-09-25 18:13:57
WH01,P00278,380,22,48,2026-09-24 05:49:33
WH01,P00284,251,33,92,2026-09-24 11:06:24
WH01,P00285,193,12,62,2026-09-25 04:22:42
WH01,P00286,155,6,20,2026-09-24 05:03:21
WH01,P00289,328,18,33,2026-09-24 14:56:43
WH01,P00292,297,15,92,2026-09-23 07:52:14
WH01,P00294,277,15,72,2026-09-23 04:18:48
WH01,P00295,316,7,32,2026-09-25 19:00:59
WH01,P00296,354,21,73,2026-09-24 06:38:21
WH01,P00297,358,28,68,2026-09-23 22:13:42
WH01,P00299,206,49,95,2026-09-23 02:19:28
WH01,P00302,286,34,28,2026-09-23 04:11:27
WH01,P00304,297,28,63,2026-09-23 15:20:09
WH01,P00307,174,47,64,2026-09-24 02:01:12
WH01,P00309,377,43,24,2026-09-24 19:49:34
WH01,P00310,115,8,77,2026-09-25 23:42:06
WH01,P00312,149,10,27,2026-09-25 14:35:56
WH01,P00313,197,12,35,2026-09-24 22:54:29
WH01,P00314,326,14,56,2026-09-23 20:18:25
WH01,P00316,393,17,76,2026-09-25 17:00:56
WH01,P00319,282,41,32,2026-09-25 05:04:19
WH01,P00321,165,48,39,2026-09-23 23:23:19
WH01,P00324,19,6,62,2026-09-25 00:28:29
WH01,P00325,338,19,40,2026-09-25 22:54:14
WH01,P00327,88,1,88,2026-09-25 01:50:44
WH01,P00328,234,15,92,2026-09-25 14:32:34
WH01,P00332,131,12,60,2026-09-24 01:28:40
WH01,P00333,249,44,40,2026-09-25 19:44:45
WH01,P00334,304,47,38,2026-09-24 17:16:16
WH01,P00339,354,7,65,2026-09-24 07:30:25
WH01,P00342,393,34,22,2026-09-23 15:00:13
WH01,P00351,383,34,24,2026-09-23 10:29:52
WH01,P00352,115,50,92,2026-09-24 14:29:24
WH01,P00356,77,41,75,2026-09-23 06:21:35
WH01,P00358,327,13,68,2026-09-23 05:41:49
WH01,P00359,22,11,43,2026-09-23 20:56:07
WH01,P00362,73,33,98,2026-09-23 20:17:45
WH01,P00367,279,9,72,2026-09-25 14:18:08
WH01,P00369,193,39,57,2026-09-24 17:44:38
WH01,P00370,313,36,45,2026-09-25 22:36:55
WH01,P00372,312,0,21,2026-09-24 12:27:34
WH01,P00373,343,23,53,2026-09-24 04:44:10
WH01,P00378,84,5,34,2026-09-25 04:13:51
WH01,P00381,376,18,87,2026-09-23 21:14:44
WH01,P00384,50,23,45,2026-09-24 03:25:57
WH01,P00387,399,5,47,2026-09-24 14:24:57
WH01,P00390,42,2,31,2026-09-23 13:58:36
WH01,P00392,59,37,67,2026-09-23 07:04:34
WH01,P00393,344,32,29,2026-09-23 12:50:06
WH01,P00397,303,48,94,2026-09-25 23:01:06
WH01,P00398,200,49,96,2026-09-24 12:56:50
WH01,P00400,156,22,40,2026-09-23 11:59:37
WH01,P00403,187,38,28,2026-09-23 21:42:36
WH01,P00404,226,29,49,2026-09-23 14:42:49
WH01,P00414,235,14,37,2026-09-23 07:54:40
WH01,P00417,294,3,31,2026-09-23 20:45:34
WH01,P00421,246,29,70,2026-09-24 13:40:53
WH01,P00423,147,17,81,2026-09-24 10:57:11
WH01,P00427,4,4,36,2026-09-24 23:30:04
WH01,P00428,396,36,54,2026-09-23 18:58:07
WH01,P00430,328,8,98,2026-09-25 00:55:47
WH01,P00431,197,41,37,2026-09-25 04:34:35
WH01,P00435,32,14,31,2026-09-24 08:54:32
WH01,P00437,304,1,51,2026-09-23 13:46:40
WH01,P00438,299,43,53,2026-09-23 02:26:45
WH01,P00439,53,1,55,2026-09-24 15:15:36
WH01,P00440,264,12,43,2026-09-25 19:06:48
WH01,P00449,310,31,32,2026-09-25 10:03:33
WH01,P00451,96,38,100,2026-09-24 00:56:22
WH01,P00452,228,27,31,2026-09-24 03:38:02
WH01,P00454,135,44,94,2026-09-24 08:30:02
WH01,P00455,193,37,41,2026-09-24 00:05:19
WH01,P00457,286,19,39,2026-09-25 18:50:14
WH01,P00460,117,36,96,2026-09-24 03:30:49
WH01,P00467,310,43,99,2026-09-25 18:03:24
WH01,P00469,218,35,44,2026-09-23 23:42:38
WH01,P00471,148,10,33,2026-09-23 03:15:33
WH01,P00472,122,18,49,2026-09-23 04:05:49
WH01,P00474,258,13,70,2026-09-24 18:21:41
WH01,P00477,369,35,96,2026-09-25 03:33:10
WH01,P00478,4,2,61,2026-09-25 00:45:08
WH01,P00479,183,0,63,2026-09-24 21:43:44
WH01,P00481,99,1,44,2026-09-24 22:33:20
WH01,P00482,112,45,82,2026-09-24 19:59:41
WH01,P00483,302,27,53,2026-09-24 15:38:17
WH01,P00485,38,8,76,2026-09-25 02:10:25
WH01,P00486,112,2,53,2026-09-25 10:49:30
WH01,P00487,358,23,35,2026-09-23 01:56:44
WH01,P00489,137,14,48,2026-09-23 07:51:18
WH01,P00491,372,22,97,2026-09-24 07:27:05
WH01,P00494,254,12,85,2026-09-25 15:17:09
WH01,P00499,21,13,33,2026-09-25 06:27:26
WH01,P00503,153,32,67,2026-09-25 21:42:38
WH01,P00505,137,40,70,2026-09-23 22:31:21
WH01,P00506,220,33,78,2026-09-25 01:36:42
WH01,P00509,252,8,68,2026-09-25 05:39:52
WH01,P00511,300,2,89,2026-09-23 04:24:13
WH01,P00512,127,50,46,2026-09-25 10:40:00
WH01,P00513,290,47,52,2026-09-25 01:20:24
WH01,P00518,341,3,91,2026-09-23 14:22:25
WH01,P00521,235,34,82,2026-09-23 18:27:51
WH01,P00524,303,5,71,2026-09-23 16:27:18
WH01,P00527,155,47,70,2026-09-24 07:05:31
WH01,P00528,324,42,56,2026-09-23 02:55:27
WH01,P00532,173,23,56,2026-09-23 08:03:45
WH01,P00535,311,50,56,2026-09-24 07:39:46
WH01,P00538,312,28,72,2026-09-24 10:18:53
WH01,P00539,68,25,91,2026-09-25 23:14:30
WH01,P00541,332,45,65,2026-09-25 01:39:43
WH01,P00544,78,33,98,2026-09-24 04:27:12
WH01,P00548,398,26,51,2026-09-23 14:26:07
WH01,P00549,200,17,64,2026-09-24 19:37:43
WH01,P00551,196,13,32,2026-09-25 15:51:50
WH01,P00552,246,47,25,2026-09-25 12:18:32
WH01,P00559,166,22,32,2026-09-23 12:58:34
WH01,P00563,397,4,31,2026-09-24 11:42:45
WH01,P00566,14,5,60,2026-09-23 13:29:02
WH01,P00577,59,14,62,2026-09-23 22:23:49
WH01,P00580,158,8,87,2026-09-25 01:50:28
WH01,P00581,241,8,52,2026-09-23 21:53:48
WH01,P00583,43,4,21,2026-09-24 09:45:47
WH01,P00584,176,38,46,2026-09-23 20:25:30
WH01,P00587,219,5,84,2026-09-23 18:41:48
WH01,P00592,186,16,25,2026-09-25 08:52:08
WH01,P00594,307,19,55,2026-09-25 08:45:39
WH01,P00597,187,34,62,2026-09-25 10:12:05
WH01,P00598,64,21,74,2026-09-25 10:42:21
WH02,P00003,386,16,68,2026-09-24 21:04:30
WH02,P00004,262,43,81,2026-09-24 00:33:16
WH02,P00005,359,36,45,2026-09-23 03:38:13
WH02,P00010,357,2,70,2026-09-24 03:19:27
WH02,P00012,111,34,50,2026-09-23 05:38:00
WH02,P00013,48,9,62,2026-09-25 16:57:30
WH02,P00014,140,8,59,2026-09-25 16:14:03
WH02,P00015,21,1,51,2026-09-24 16:31:18
WH02,P00017,169,35,96,2026-09-23 07:22:50
WH02,P00018,5,5,44,2026-09-24 10:14:03
WH02,P00020,355,29,20,2026-09-23 14:30:47
WH02,P00021,273,24,32,2026-09-23 15:32:26
WH02,P00026,68,45,98,2026-09-25 09:08:09
WH02,P00028,12,11,93,2026-09-23 04:05:14
WH02,P00034,350,33,41,2026-09-25 15:56:30
WH02,P00037,311,45,90,2026-09-23 07:42:54
WH02,P00042,165,34,88,2026-09-24 12:00:02
WH02,P00043,224,33,46,2026-09-25 12:46:37
WH02,P00045,267,3,83,2026-09-25 20:58:20
WH02,P00046,383,24,35,2026-09-23 07:59:47
WH02,P00050,46,7,30,2026-09-24 00:24:05
WH02,P00051,385,19,82,2026-09-25 06:33:31
WH02,P00053,261,45,62,2026-09-25 07:11:53
WH02,P00055,140,26,30,2026-09-23 15:54:57
WH02,P00060,375,30,69,2026-09-23 07:30:46
WH02,P00061,396,0,56,2026-09-23 18:10:35
WH02,P00062,29,26,58,2026-09-24 03:26:02
WH02,P00063,225,0,56,2026-09-23 12:27:22
WH02,P00065,264,7,73,2026-09-23 00:05:53
WH02,P00067,295,16,53,2026-09-24 17:12:09
WH02,P00068,267,27,68,2026-09-24 01:11:20
WH02,P00069,391,3,79,2026-09-23 03:19:07
WH02,P00071,191,45,40,2026-09-24 15:01:20
WH02,P00073,117,49,87,2026-09-23 07:02:29
WH02,P00074,299,10,46,2026-09-23 05:08:00
WH02,P00077,182,32,62,2026-09-24 10:51:24
WH02,P00078,67,5,91,2026-09-23 17:38:50
WH02,P00084,110,12,82,2026-09-23 10:59:25
WH02,P00090,360,44,91,2026-09-24 14:10:23
WH02,P00092,45,41,69,2026-09-23 18:16:19
WH02,P00094,359,2,39,2026-09-24 15:06:34
WH02,P00095,268,33,76,2026-09-23 11:01:50
WH02,P00096,373,41,51,2026-09-23 21:21:57
WH02,P00097,281,44,87,2026-09-23 18:09:43
WH02,P00100,161,28,90,2026-09-25 16:18:47
WH02,P00105,274,34,39,2026-09-24 21:23:13
WH02,P00106,241,50,90,2026-09-25 15:32:33
WH02,P00107,133,31,25,2026-09-23 21:34:00
WH02,P00109,158,43,36,2026-09-24 15:41:28
WH02,P00110,146,22,54,2026-09-23 11:47:25
WH02,P00114,1,0,85,2026-09-23 05:35:05
WH02,P00115,271,9,72,2026-09-23 11:26:39
WH02,P00118,146,48,57,2026-09-23 19:02:57
WH02,P00121,338,19,45,2026-09-25 11:40:19
WH02,P00122,130,22,48,2026-09-25 23:43:33
WH02,P00123,292,38,59,2026-09-25 20:52:09
WH02,P00124,104,0,71,2026-09-25 23:59:10
WH02,P00129,304,29,80,2026-09-24 05:53:15
WH02,P00131,211,25,56,2026-09-25 20:32:00
WH02,P00133,23,11,95,2026-09-25 17:24:46
WH02,P00137,115,30,85,2026-09-23 17:56:29
WH02,P00142,182,19,39,2026-09-25 05:35:55
WH02,P00143,296,30,54,2026-09-25 09:27:39
WH02,P00144,199,15,27,2026-09-25 04:52:03
WH02,P00145,325,47,71,2026-09-23 13:46:52
WH02,P00146,373,40,86,2026-09-23 08:13:15
WH02,P00148,3,0,97,2026-09-24 02:51:40
WH02,P00151,37,17,46,2026-09-25 07:55:59
WH02,P00154,185,0,50,2026-09-25 14:05:04
WH02,P00157,331,38,69,2026-09-23 12:53:06
WH02,P00160,212,21,75,2026-09-24 01:30:47
WH02,P00167,347,14,23,2026-09-24 14:46:14
WH02,P00169,171,25,52,2026-09-25 05:22:12
WH02,P00170,99,15,64,2026-09-23 06:24:57
WH02,P00181,310,24,47,2026-09-23 23:48:46
WH02,P00184,1,1,93,2026-09-24 02:59:17
WH02,P00188,45,27,54,2026-09-24 09:20:31
WH02,P00189,256,44,23,2026-09-25 00:09:51
WH02,P00191,239,39,21,2026-09-25 04:50:17
WH02,P00197,126,4,40,2026-09-23 03:26:29
WH02,P00198,118,46,21,2026-09-25 16:44:53
WH02,P00199,125,48,69,2026-09-24 05:55:49
WH02,P00200,15,8,34,2026-09-25 11:04:04
WH02,P00201,38,24,55,2026-09-25 22:02:29
WH02,P00202,169,42,82,2026-09-24 02:02:57
WH02,P00203,116,40,74,2026-09-23 15:26:01
WH02,P00204,113,49,38,2026-09-25 04:12:59
WH02,P00205,281,20,32,2026-09-24 07:17:38
WH02,P00208,185,4,24,2026-09-24 20:02:57
WH02,P00212,106,34,42,2026-09-24 01:13:53
WH02,P00214,304,26,96,2026-09-25 11:45:33
WH02,P00216,275,41,21,2026-09-24 03:02:04
WH02,P00217,196,38,34,2026-09-25 08:45:48
WH02,P00218,93,20,76,2026-09-25 20:40:22
WH02,P00221,41,25,91,2026-09-24 13:24:03
WH02,P00223,160,45,62,2026-09-24 23:59:30
WH02,P00225,42,2,47,2026-09-24 10:45:26
WH02,P00227,68,0,65,2026-09-23 15:51:35
WH02,P00231,284,8,83,2026-09-23 00:28:53
WH02,P00232,278,47,82,2026-09-23 00:53:20
WH02,P00233,277,42,75,2026-09-23 17:03:46
WH02,P00242,356,41,33,2026-09-24 00:26:14
WH02,P00245,206,27,57,2026-09-23 18:51:57
WH02,P00249,197,12,22,2026-09-25 22:29:44
WH02,P00251,14,4,69,2026-09-25 10:51:07
WH02,P00257,374,19,77,2026-09-24 13:54:23
WH02,P00259,304,23,83,2026-09-24 20:59:02
WH02,P00261,162,6,23,2026-09-23 13:14:05
WH02,P00262,114,15,20,2026-09-23 23:16:12
WH02,P00263,32,5,60,2026-09-25 08:31:04
WH02,P00264,338,20,58,2026-09-25 08:58:20
WH02,P00265,3,1,61,2026-09-23 14:16:59
WH02,P00274,395,47,89,2026-09-25 03:45:47
WH02,P00279,41,7,95,2026-09-23 15:50:35
WH02,P00284,239,48,36,2026-09-24 08:49:42
WH02,P00285,107,46,38,2026-09-25 05:45:30
WH02,P00288,367,20,51,2026-09-24 08:08:45
WH02,P00290,214,49,56,2026-09-24 18:41:46
WH02,P00291,163,31,98,2026-09-24 02:17:32
WH02,P00292,15,9,46,2026-09-24 12:32:09
WH02,P00294,62,41,55,2026-09-25 21:52:11
WH02,P00295,206,44,56,2026-09-25 14:04:07
WH02,P00296,52,0,27,2026-09-24 17:30:53
WH02,P00297,192,50,35,2026-09-23 02:46:46
WH02,P00298,183,6,50,2026-09-24 15:44:45
WH02,P00302,97,38,55,2026-09-23 08:18:13
WH02,P00308,31,2,73,2026-09-25 14:37:46
WH02,P00309,18,12,38,2026-09-24 01:27:17
WH02,P00315,95,33,73,2026-09-23 21:39:45
WH02,P00318,229,22,80,2026-09-24 01:58:39
WH02,P00320,52,19,88,2026-09-24 05:46:17
WH02,P00321,395,28,30,2026-09-23 00:31:54
WH02,P00323,109,42,58,2026-09-24 02:41:22
WH02,P00324,45,45,32,2026-09-25 12:55:34
WH02,P00325,245,38,87,2026-09-23 08:09:32
WH02,P00326,66,30,73,2026-09-23 22:58:12
WH02,P00327,139,10,20,2026-09-25 23:45:31
WH02,P00328,278,17,65,2026-09-25 15:52:56
WH02,P00331,245,25,95,2026-09-24 11:57:02
WH02,P00332,103,43,73,2026-09-23 10:59:04
WH02,P00333,42,39,71,2026-09-24 17:37:36
WH02,P00336,137,5,61,2026-09-25 10:09:29
WH02,P00337,381,8,75,2026-09-24 10:04:57
WH02,P00338,53,16,34,2026-09-25 07:04:30
WH02,P00342,282,21,28,2026-09-25 12:39:10
WH02,P00348,322,29,26,2026-09-25 02:30:31
WH02,P00350,225,50,51,2026-09-24 04:17:49
WH02,P00354,20,20,32,2026-09-24 10:12:08
WH02,P00355,0,0,86,2026-09-25 15:46:55
WH02,P00358,155,23,95,2026-09-25 02:55:27
WH02,P00359,18,2,67,2026-09-24 09:36:40
WH02,P00362,127,34,98,2026-09-25 09:44:25
WH02,P00366,111,46,25,2026-09-24 08:51:09
WH02,P00369,125,43,24,2026-09-24 08:28:18
WH02,P00370,106,16,74,2026-09-24 07:56:16
WH02,P00372,92,37,55,2026-09-24 01:45:55
WH02,P00375,217,25,22,2026-09-24 03:25:12
WH02,P00376,54,37,90,2026-09-24 15:54:01
WH02,P00382,4,0,54,2026-09-25 14:47:24
WH02,P00383,337,41,70,2026-09-24 02:15:58
WH02,P00387,132,42,47,2026-09-25 00:43:14
WH02,P00389,23,18,38,2026-09-24 16:28:38
WH02,P00390,308,42,72,2026-09-23 19:55:32
WH02,P00391,322,11,86,2026-09-23 23:12:49
WH02,P00392,177,5,34,2026-09-24 01:34:21
WH02,P00393,34,6,86,2026-09-23 20:56:35
WH02,P00396,159,33,56,2026-09-24 03:17:25
WH02,P00398,217,35,87,2026-09-24 05:08:02
WH02,P00408,34,19,82,2026-09-23 10:42:58
WH02,P00409,399,28,76,2026-09-25 18:37:11
WH02,P00413,107,3,68,2026-09-24 18:34:14
WH02,P00415,293,36,48,2026-09-25 16:16:57
WH02,P00417,137,5,65,2026-09-23 09:42:04
WH02,P00418,48,27,25,2026-09-24 23:47:17
WH02,P00420,373,24,83,2026-09-25 13:54:27
WH02,P00421,242,15,51,2026-09-24 17:05:46
WH02,P00423,146,20,99,2026-09-24 07:42:12
WH02,P00425,270,33,93,2026-09-25 23:23:22
WH02,P00426,147,28,89,2026-09-24 23:17:13
WH02,P00427,170,47,99,2026-09-23 19:24:11
WH02,P00428,306,9,51,2026-09-23 08:58:10
WH02,P00430,129,50,23,2026-09-25 19:44:08
WH02,P00431,158,44,39,2026-09-24 00:05:43
WH02,P00432,86,43,88,2026-09-24 04:47:41
WH02,P00434,0,0,87,2026-09-23 20:27:25
WH02,P00435,373,45,65,2026-09-25 23:50:09
WH02,P00439,361,12,34,2026-09-23 11:59:25
WH02,P00440,323,38,80,2026-09-23 10:48:03
WH02,P00447,180,31,50,2026-09-24 15:05:22
WH02,P00448,93,18,54,2026-09-24 14:54:17
WH02,P00451,219,46,32,2026-09-25 07:13:53
WH02,P00452,38,19,83,2026-09-25 09:38:07
WH02,P00460,215,20,39,2026-09-23 23:41:14
WH02,P00461,64,14,92,2026-09-24 18:51:57
WH02,P00463,223,21,50,2026-09-24 21:24:49
WH02,P00464,149,40,26,2026-09-24 14:16:36
WH02,P00466,279,36,81,2026-09-24 19:32:57
WH02,P00472,21,20,88,2026-09-25 13:47:37
WH02,P00476,268,19,92,2026-09-25 07:12:19
WH02,P00478,225,11,56,2026-09-24 05:12:17
WH02,P00480,343,8,88,2026-09-25 16:59:19
WH02,P00481,22,3,43,2026-09-23 13:44:50
WH02,P00484,230,34,81,2026-09-25 22:14:50
WH02,P00485,222,7,61,2026-09-23 04:26:34
WH02,P00486,170,28,74,2026-09-23 10:58:52
WH02,P00490,318,37,83,2026-09-23 01:26:38
WH02,P00491,356,7,45,2026-09-25 16:40:11
WH02,P00493,292,38,33,2026-09-23 21:14:45
WH02,P00497,235,22,71,2026-09-23 14:53:58
WH02,P00504,249,3,31,2026-09-24 23:38:07
WH02,P00507,157,42,44,2026-09-24 11:22:32
WH02,P00508,66,15,69,2026-09-25 19:17:28
WH02,P00509,352,37,60,2026-09-24 23:50:57
WH02,P00510,320,12,97,2026-09-25 13:47:23
WH02,P00511,312,17,90,2026-09-23 04:04:19
WH02,P00513,276,19,69,2026-09-25 18:29:48
WH02,P00514,346,31,58,2026-09-24 22:30:14
WH02,P00515,82,34,72,2026-09-25 07:02:27
WH02,P00516,240,5,91,2026-09-23 22:42:56
WH02,P00518,79,42,70,2026-09-25 05:59:32
WH02,P00520,223,34,31,2026-09-25 02:16:59
WH02,P00521,145,12,72,2026-09-25 09:53:45
WH02,P00522,176,16,22,2026-09-25 13:03:42
WH02,P00526,127,29,65,2026-09-24 19:28:53
WH02,P00530,325,37,42,2026-09-23 03:10:26
WH02,P00531,232,12,82,2026-09-23 00:27:36
WH02,P00532,94,10,64,2026-09-23 05:21:22
WH02,P00534,349,16,94,2026-09-25 18:19:56
WH02,P00535,230,29,37,2026-09-24 17:18:06
WH02,P00536,116,20,69,2026-09-23 19:57:52
WH02,P00537,134,0,71,2026-09-23 18:33:03
WH02,P00538,67,13,44,2026-09-25 03:07:23
WH02,P00540,130,43,41,2026-09-25 10:36:21
WH02,P00546,55,18,71,2026-09-23 19:01:53
WH02,P00547,50,23,87,2026-09-23 05:21:56
WH02,P00548,384,2,98,2026-09-23 16:47:18
WH02,P00549,367,22,75,2026-09-23 18:43:33
WH02,P00550,43,31,36,2026-09-23 20:03:56
WH02,P00553,213,42,100,2026-09-23 13:17:49
WH02,P00554,326,15,54,2026-09-24 20:32:37
WH02,P00558,370,36,80,2026-09-23 13:39:24
WH02,P00564,201,6,48,2026-09-23 23:15:20
WH02,P00566,234,35,97,2026-09-24 12:11:35
WH02,P00567,52,21,75,2026-09-25 08:04:03
WH02,P00570,67,20,88,2026-09-24 04:52:02
WH02,P00573,182,4,61,2026-09-23 11:09:44
WH02,P00575,301,49,95,2026-09-23 04:21:16
WH02,P00576,237,15,72,2026-09-24 08:45:08
WH02,P00579,190,43,56,2026-09-24 04:35:44
WH02,P00580,338,31,76,2026-09-23 02:00:45
WH02,P00584,378,29,25,2026-09-23 06:52:43
WH02,P00585,176,15,38,2026-09-25 16:22:01
WH02,P00586,177,35,55,2026-09-24 19:17:20
WH02,P00589,245,34,99,2026-09-25 03:11:36
WH02,P00593,192,0,63,2026-09-23 01:33:01
WH02,P00594,344,10,71,2026-09-23 00:03:34
WH02,P00595,136,49,24,2026-09-24 04:37:49
WH02,P00600,357,23,68,2026-09-23 01:04:20
WH03,P00002,50,25,59,2026-09-25 19:37:40
WH03,P00004,44,1,58,2026-09-23 15:55:59
WH03,P00006,18,2,88,2026-09-23 19:38:27
WH03,P00008,255,25,56,2026-09-25 00:03:46
WH03,P00009,90,10,91,2026-09-23 02:12:27
WH03,P00014,60,36,35,2026-09-24 09:49:39
WH03,P00015,202,20,94,2026-09-24 12:34:59
WH03,P00016,372,9,80,2026-09-23 05:28:07
WH03,P00019,226,37,44,2026-09-25 21:47:48
WH03,P00020,309,2,25,2026-09-23 23:09:07
WH03,P00023,266,40,24,2026-09-25 16:53:38
WH03,P00024,113,28,94,2026-09-23 00:55:00
WH03,P00025,172,41,73,2026-09-23 16:14:48
WH03,P00027,133,30,72,2026-09-23 21:46:07
WH03,P00028,40,28,99,2026-09-25 22:02:54
WH03,P00037,284,3,47,2026-09-24 22:02:35
WH03,P00039,152,0,72,2026-09-23 04:13:19
WH03,P00040,311,31,43,2026-09-25 06:26:52
WH03,P00043,389,39,94,2026-09-23 03:38:57
WH03,P00045,366,29,94,2026-09-25 07:25:48
WH03,P00049,143,22,50,2026-09-23 04:00:20
WH03,P00052,358,37,79,2026-09-24 06:50:59
WH03,P00054,238,34,22,2026-09-25 04:32:25
WH03,P00056,278,30,41,2026-09-25 15:58:38
WH03,P00057,230,26,66,2026-09-24 19:26:54
WH03,P00061,142,21,25,2026-09-25 14:52:30
WH03,P00063,371,25,54,2026-09-24 06:47:13
WH03,P00065,364,40,74,2026-09-24 13:50:06
WH03,P00067,223,44,91,2026-09-23 15:41:04
WH03,P00070,62,13,21,2026-09-24 13:31:55
WH03,P00073,137,13,53,2026-09-25 14:42:41
WH03,P00077,220,28,96,2026-09-25 03:53:37
WH03,P00079,10,10,60,2026-09-23 19:57:00
WH03,P00080,162,35,88,2026-09-24 05:54:05
WH03,P00084,32,12,42,2026-09-25 17:20:36
WH03,P00091,385,33,23,2026-09-25 21:17:56
WH03,P00092,223,34,50,2026-09-25 23:35:12
WH03,P00095,82,35,36,2026-09-24 16:38:59
WH03,P00100,88,16,23,2026-09-25 07:39:40
WH03,P00104,296,2,30,2026-09-25 16:28:34
WH03,P00105,214,42,38,2026-09-24 14:32:06
WH03,P00107,179,16,24,2026-09-25 22:52:41
WH03,P00108,3,3,36,2026-09-23 11:01:32
WH03,P00110,137,50,34,2026-09-24 15:05:24
WH03,P00111,24,1,34,2026-09-24 21:41:17
WH03,P00113,82,35,47,2026-09-25 01:58:32
WH03,P00117,192,33,99,2026-09-24 18:27:56
WH03,P00118,39,22,79,2026-09-23 21:44:46
WH03,P00121,161,26,47,2026-09-25 11:12:05
WH03,P00124,39,4,85,2026-09-25 07:24:24
WH03,P00129,142,10,54,2026-09-25 14:00:54
WH03,P00130,224,48,57,2026-09-25 00:13:24
WH03,P00131,187,25,36,2026-09-24 19:39:07
WH03,P00132,216,39,37,2026-09-25 10:25:53
WH03,P00133,1,0,82,2026-09-23 00:24:41
WH03,P00137,326,42,95,2026-09-23 17:56:11
WH03,P00138,145,13,21,2026-09-24 01:01:01
WH03,P00139,100,23,30,2026-09-25 20:07:39
WH03,P00142,238,21,70,2026-09-24 14:58:04
WH03,P00143,315,29,47,2026-09-25 23:36:01
WH03,P00144,265,15,85,2026-09-25 12:19:21
WH03,P00146,59,46,68,2026-09-23 20:32:25
WH03,P00148,235,34,30,2026-09-23 12:27:59
WH03,P00154,181,44,49,2026-09-25 16:08:55
WH03,P00155,346,48,55,2026-09-25 03:47:14
WH03,P00157,18,16,56,2026-09-23 15:31:59
WH03,P00159,348,5,30,2026-09-23 14:33:44
WH03,P00160,370,49,56,2026-09-25 16:35:47
WH03,P00163,137,50,92,2026-09-25 13:58:56
WH03,P00164,226,49,35,2026-09-24 00:11:51
WH03,P00166,67,1,58,2026-09-24 23:02:22
WH03,P00169,391,34,74,2026-09-23 21:21:45
WH03,P00172,364,22,47,2026-09-24 03:26:12
WH03,P00173,358,32,32,2026-09-25 16:12:09
WH03,P00177,228,38,30,2026-09-23 20:41:13
WH03,P00180,184,45,33,2026-09-25 06:43:36
WH03,P00181,142,2,58,2026-09-25 08:06:46
WH03,P00182,45,44,43,2026-09-24 20:30:51
WH03,P00183,246,44,68,2026-09-25 00:20:58
WH03,P00187,137,50,27,2026-09-23 00:11:10
WH03,P00192,358,11,53,2026-09-25 19:08:44
WH03,P00195,328,16,32,2026-09-25 02:18:33
WH03,P00198,103,20,81,2026-09-23 09:32:41
WH03,P00199,33,16,55,2026-09-25 07:06:24
WH03,P00204,383,12,89,2026-09-23 04:05:15
WH03,P00205,51,23,48,2026-09-24 10:34:13
WH03,P00207,106,33,20,2026-09-24 06:22:16
WH03,P00211,222,7,71,2026-09-25 14:16:01
WH03,P00215,216,4,64,2026-09-25 15:32:59
WH03,P00217,393,15,37,2026-09-24 21:07:10
WH03,P00221,191,42,32,2026-09-24 12:12:40
WH03,P00223,58,29,52,2026-09-25 19:32:55
WH03,P00224,35,5,93,2026-09-24 06:08:22
WH03,P00231,6,1,49,2026-09-24 18:07:22
WH03,P00234,224,23,31,2026-09-25 07:34:12
WH03,P00236,91,18,64,2026-09-25 11:23:37
WH03,P00237,24,2,78,2026-09-24 22:36:55
WH03,P00241,389,16,65,2026-09-24 19:23:13
WH03,P00244,56,50,95,2026-09-23 11:52:34
WH03,P00245,187,1,39,2026-09-25 16:45:12
WH03,P00246,206,1,54,2026-09-24 00:13:36
WH03,P00252,253,28,62,2026-09-24 12:45:49
WH03,P00255,49,10,36,2026-09-24 17:25:45
WH03,P00257,74,7,22,2026-09-23 16:01:16
WH03,P00258,304,3,92,2026-09-23 04:08:00
WH03,P00261,174,9,68,2026-09-23 00:32:13
WH03,P00262,372,46,57,2026-09-24 08:36:45
WH03,P00263,366,4,60,2026-09-25 00:32:35
WH03,P00264,329,11,82,2026-09-25 12:01:58
WH03,P00266,60,44,23,2026-09-24 15:05:49
WH03,P00267,99,29,24,2026-09-24 07:20:58
WH03,P00271,148,25,99,2026-09-24 06:02:44
WH03,P00273,312,43,80,2026-09-23 08:40:04
WH03,P00274,386,1,88,2026-09-25 12:06:42
WH03,P00275,43,18,28,2026-09-25 23:52:05
WH03,P00277,63,39,52,2026-09-23 12:42:54
WH03,P00282,349,26,67,2026-09-25 02:08:56
WH03,P00285,255,39,31,2026-09-23 17:20:55
WH03,P00292,57,44,76,2026-09-25 04:04:45
WH03,P00294,175,5,52,2026-09-25 04:43:04
WH03,P00295,7,4,44,2026-09-24 11:12:16
WH03,P00296,5,3,81,2026-09-24 07:46:02
WH03,P00302,127,28,25,2026-09-25 02:23:05
WH03,P00303,184,22,47,2026-09-25 21:30:29
WH03,P00304,171,28,61,2026-09-24 01:02:31
WH03,P00305,305,15,22,2026-09-24 05:00:49
WH03,P00306,195,44,38,2026-09-24 21:22:02
WH03,P00307,4,4,54,2026-09-25 11:19:05
WH03,P00308,53,9,90,2026-09-24 01:57:53
WH03,P00309,154,45,28,2026-09-23 17:03:39
WH03,P00316,16,6,35,2026-09-25 15:21:19
WH03,P00319,258,3,35,2026-09-25 19:28:41
WH03,P00326,67,2,32,2026-09-25 14:19:04
WH03,P00330,224,25,80,2026-09-23 03:42:40
WH03,P00335,23,18,84,2026-09-23 06:45:58
WH03,P00336,198,8,84,2026-09-23 12:35:16
WH03,P00339,252,25,74,2026-09-24 05:28:42
WH03,P00340,154,37,79,2026-09-24 04:38:59
WH03,P00341,181,16,28,2026-09-23 02:06:51
WH03,P00342,252,8,65,2026-09-25 15:59:44
WH03,P00346,91,0,28,2026-09-25 00:04:38
WH03,P00351,377,12,51,2026-09-24 14:05:00
WH03,P00352,398,12,97,2026-09-23 05:45:47
WH03,P00355,226,49,50,2026-09-24 20:28:55
WH03,P00356,267,7,96,2026-09-23 03:37:46
WH03,P00357,157,10,50,2026-09-23 11:57:48
WH03,P00358,258,47,46,2026-09-23 19:21:21
WH03,P00362,36,26,76,2026-09-23 03:26:01
WH03,P00363,6,2,47,2026-09-25 05:04:18
WH03,P00364,143,12,80,2026-09-25 16:49:14
WH03,P00365,58,32,95,2026-09-23 16:29:01
WH03,P00369,171,16,66,2026-09-25 01:10:52
WH03,P00370,155,35,30,2026-09-23 05:06:10
WH03,P00374,52,22,89,2026-09-25 08:13:41
WH03,P00375,90,37,24,2026-09-24 18:10:53
WH03,P00377,306,45,36,2026-09-25 23:24:53
WH03,P00380,374,7,87,2026-09-24 16:55:23
WH03,P00381,199,9,77,2026-09-25 18:52:14
WH03,P00387,158,26,58,2026-09-25 04:21:44
WH03,P00389,343,30,40,2026-09-25 18:05:00
WH03,P00393,167,36,90,2026-09-23 08:18:45
WH03,P00394,65,33,33,2026-09-23 03:58:10
WH03,P00396,6,0,75,2026-09-23 14:54:39
WH03,P00397,132,26,76,2026-09-23 20:44:30
WH03,P00398,328,36,43,2026-09-24 22:56:27
WH03,P00404,276,45,53,2026-09-23 02:12:49
WH03,P00406,213,8,30,2026-09-23 08:14:04
WH03,P00408,251,20,93,2026-09-24 18:02:49
WH03,P00410,74,16,23,2026-09-23 13:05:09
WH03,P00412,317,41,22,2026-09-24 17:44:49
WH03,P00413,241,17,40,2026-09-25 01:05:57
WH03,P00417,257,46,53,2026-09-24 02:14:30
WH03,P00419,340,19,71,2026-09-25 21:20:52
WH03,P00420,241,13,71,2026-09-23 06:44:38
WH03,P00421,62,38,88,2026-09-23 05:56:43
WH03,P00422,382,11,74,2026-09-25 10:55:37
WH03,P00424,76,16,64,2026-09-24 01:24:10
WH03,P00429,258,50,25,2026-09-24 23:30:48
WH03,P00435,304,1,74,2026-09-23 07:38:11
WH03,P00438,200,6,23,2026-09-23 04:33:55
WH03,P00439,139,28,85,2026-09-25 17:16:49
WH03,P00442,344,47,59,2026-09-23 12:52:05
WH03,P00443,110,49,21,2026-09-25 05:01:05
WH03,P00444,399,44,54,2026-09-23 16:07:34
WH03,P00445,174,49,80,2026-09-23 16:11:15
WH03,P00446,54,29,79,2026-09-25 04:29:59
WH03,P00452,75,30,56,2026-09-23 01:54:24
WH03,P00453,165,6,63,2026-09-25 05:35:42
WH03,P00456,248,47,57,2026-09-23 06:14:27
WH03,P00459,387,9,62,2026-09-24 06:00:16
WH03,P00461,47,25,48,2026-09-24 03:53:39
WH03,P00463,140,39,28,2026-09-25 00:17:33
WH03,P00464,210,18,58,2026-09-25 08:08:32
WH03,P00468,221,11,74,2026-09-23 02:41:55
WH03,P00469,291,7,78,2026-09-25 15:03:49
WH03,P00470,311,6,26,2026-09-24 20:21:26
WH03,P00471,324,15,47,2026-09-24 00:23:07
WH03,P00472,256,37,70,2026-09-24 11:56:03
WH03,P00478,24,9,49,2026-09-23 15:58:40
WH03,P00479,238,33,35,2026-09-24 07:26:19
WH03,P00483,197,35,41,2026-09-25 18:17:09
WH03,P00484,42,12,33,2026-09-24 11:21:57
WH03,P00485,120,7,79,2026-09-25 00:46:53
WH03,P00488,397,46,59,2026-09-25 08:54:15
WH03,P00489,174,2,99,2026-09-23 14:09:52
WH03,P00490,129,28,66,2026-09-24 07:46:32
WH03,P00492,52,17,22,2026-09-25 11:23:00
WH03,P00498,108,8,43,2026-09-25 20:38:10
WH03,P00500,284,49,83,2026-09-24 05:27:24
WH03,P00501,30,13,39,2026-09-23 08:43:52
WH03,P00504,154,11,74,2026-09-23 11:58:02
WH03,P00506,316,4,73,2026-09-24 11:42:32
WH03,P00511,251,38,20,2026-09-24 05:59:00
WH03,P00515,96,13,51,2026-09-23 21:29:03
WH03,P00522,156,0,34,2026-09-23 08:43:26
WH03,P00525,225,13,23,2026-09-23 02:34:06
WH03,P00527,223,38,58,2026-09-25 09:54:53
WH03,P00529,67,16,97,2026-09-23 21:22:43
WH03,P00530,48,25,21,2026-09-24 22:05:55
WH03,P00532,89,8,34,2026-09-25 12:09:02
WH03,P00533,223,17,90,2026-09-23 01:51:23
WH03,P00534,133,8,95,2026-09-24 00:22:45
WH03,P00541,103,34,79,2026-09-24 08:34:29
WH03,P00542,348,7,36,2026-09-24 10:53:27
WH03,P00543,20,11,27,2026-09-25 00:07:23
WH03,P00548,324,40,36,2026-09-25 02:12:31
WH03,P00549,285,0,96,2026-09-24 04:58:09
WH03,P00550,313,15,44,2026-09-24 11:52:56
WH03,P00552,206,41,66,2026-09-23 22:21:34
WH03,P00553,42,10,36,2026-09-25 15:48:34
WH03,P00558,367,32,89,2026-09-24 09:21:34
WH03,P00561,349,13,87,2026-09-24 10:30:43
WH03,P00563,198,39,98,2026-09-24 00:05:11
WH03,P00564,96,46,30,2026-09-23 09:20:21
WH03,P00565,371,15,76,2026-09-23 03:36:42
WH03,P00566,206,4,50,2026-09-25 11:01:54
WH03,P00568,242,39,58,2026-09-25 03:29:02
WH03,P00570,304,21,63,2026-09-24 00:26:39
WH03,P00571,131,2,96,2026-09-24 13:09:51
WH03,P00573,43,1,87,2026-09-25 13:14:20
WH03,P00575,55,12,22,2026-09-23 08:09:58
WH03,P00579,375,47,53,2026-09-23 17:34:44
WH03,P00581,42,5,39,2026-09-23 23:58:07
WH03,P00582,265,27,68,2026-09-24 12:34:53
WH03,P00584,309,1,60,2026-09-24 19:23:24
WH03,P00585,287,46,65,2026-09-23 06:15:51
WH03,P00589,240,14,78,2026-09-25 18:18:22
WH03,P00590,281,10,56,2026-09-24 23:52:52
WH03,P00594,13,4,82,2026-09-24 01:17:14
WH03,P00596,133,2,59,2026-09-25 07:31:41
WH03,P00599,330,40,81,2026-09-24 16:42:51
WH04,P00002,45,24,49,2026-09-23 09:30:31
WH04,P00003,225,15,23,2026-09-24 23:49:20
WH04,P00005,355,22,71,2026-09-24 17:37:21
WH04,P00009,305,29,63,2026-09-25 20:22:49
WH04,P00010,282,26,48,2026-09-24 12:47:24
WH04,P00012,270,10,55,2026-09-24 08:23:45
WH04,P00013,82,23,28,2026-09-23 10:58:13
WH04,P00014,12,0,79,2026-09-23 16:08:01
WH04,P00015,23,1,90,2026-09-23 05:53:53
WH04,P00016,67,21,39,2026-09-25 06:23:38
WH04,P00020,185,40,53,2026-09-24 09:47:41
WH04,P00022,296,18,58,2026-09-25 01:50:38
WH04,P00024,80,20,36,2026-09-24 15:28:30
WH04,P00026,223,20,37,2026-09-23 19:02:18
WH04,P00028,223,3,89,2026-09-24 15:28:04
WH04,P00033,193,9,22,2026-09-23 13:48:39
WH04,P00034,278,14,57,2026-09-23 07:49:48
WH04,P00035,40,26,43,2026-09-25 20:11:21
WH04,P00036,82,28,85,2026-09-24 02:17:06
WH04,P00037,42,13,91,2026-09-24 02:33:43
WH04,P00039,313,15,71,2026-09-23 02:26:07
WH04,P00042,229,1,64,2026-09-23 08:43:36
WH04,P00047,207,16,93,2026-09-23 05:08:37
WH04,P00048,25,17,36,2026-09-23 23:10:22
WH04,P00050,10,1,76,2026-09-24 02:59:12
WH04,P00051,91,50,24,2026-09-24 13:18:14
WH04,P00052,365,29,64,2026-09-23 06:39:27
WH04,P00056,333,29,40,2026-09-23 13:33:01
WH04,P00058,366,30,89,2026-09-25 14:50:55
WH04,P00059,179,43,50,2026-09-23 08:31:22
WH04,P00060,241,30,99,2026-09-23 19:42:36
WH04,P00065,242,14,41,2026-09-25 07:25:59
WH04,P00067,79,15,96,2026-09-24 19:00:02
WH04,P00068,201,41,58,2026-09-23 17:39:36
WH04,P00069,381,34,20,2026-09-25 19:33:29
WH04,P00071,129,47,29,2026-09-23 11:48:41
WH04,P00073,353,6,89,2026-09-25 05:11:33
WH04,P00076,139,23,22,2026-09-24 02:00:07
WH04,P00083,274,5,60,2026-09-24 09:47:41
WH04,P00086,184,15,66,2026-09-24 14:04:47
WH04,P00087,306,0,51,2026-09-24 16:41:24
WH04,P00088,254,47,87,2026-09-25 08:43:20
WH04,P00089,58,18,45,2026-09-23 08:43:23
WH04,P00091,26,9,96,2026-09-25 18:44:53
WH04,P00093,146,15,82,2026-09-25 02:25:48
WH04,P00094,229,30,22,2026-09-24 23:34:38
WH04,P00096,63,23,76,2026-09-25 16:51:13
WH04,P00098,117,34,58,2026-09-23 15:54:04
WH04,P00100,340,1,95,2026-09-25 17:04:19
WH04,P00104,210,18,28,2026-09-23 23:42:59
WH04,P00108,268,31,21,2026-09-25 12:45:04
WH04,P00109,188,42,86,2026-09-25 18:30:04
WH04,P00110,36,7,40,2026-09-23 03:29:28
WH04,P00111,293,36,25,2026-09-25 06:51:01
WH04,P00114,203,12,59,2026-09-23 19:20:12
WH04,P00117,18,18,69,2026-09-23 22:07:37
WH04,P00118,104,44,73,2026-09-25 11:43:15
WH04,P00119,162,8,37,2026-09-25 16:48:04
WH04,P00120,314,17,20,2026-09-25 00:21:17
WH04,P00121,277,9,96,2026-09-23 14:07:23
WH04,P00124,238,26,81,2026-09-25 23:55:13
WH04,P00129,223,32,41,2026-09-23 19:07:21
WH04,P00130,60,16,83,2026-09-25 23:50:17
WH04,P00136,74,17,39,2026-09-25 20:55:26
WH04,P00140,154,23,49,2026-09-23 16:11:04
WH04,P00141,256,46,90,2026-09-24 19:31:32
WH04,P00144,372,40,76,2026-09-23 16:56:27
WH04,P00145,233,27,78,2026-09-25 16:56:26
WH04,P00147,217,29,78,2026-09-25 17:05:13
WH04,P00150,28,28,35,2026-09-25 17:10:52
WH04,P00152,135,2,90,2026-09-24 22:46:58
WH04,P00153,84,20,60,2026-09-24 07:26:52
WH04,P00154,325,50,23,2026-09-23 12:47:50
WH04,P00155,142,32,53,2026-09-24 04:56:51
WH04,P00156,360,19,29,2026-09-25 05:32:20
WH04,P00158,60,11,42,2026-09-25 19:39:51
WH04,P00160,339,48,35,2026-09-24 07:40:17
WH04,P00161,334,28,62,2026-09-23 15:40:07
WH04,P00163,285,27,82,2026-09-24 18:18:50
WH04,P00164,119,12,69,2026-09-25 22:29:59
WH04,P00167,198,35,41,2026-09-25 10:58:46
WH04,P00168,228,16,51,2026-09-24 09:17:52
WH04,P00170,54,26,50,2026-09-24 01:38:28
WH04,P00174,244,27,88,2026-09-24 02:55:28
WH04,P00175,79,40,100,2026-09-24 06:29:06
WH04,P00177,21,1,72,2026-09-23 04:40:52
WH04,P00183,258,20,93,2026-09-23 01:23:09
WH04,P00184,383,13,40,2026-09-23 20:49:10
WH04,P00185,310,20,91,2026-09-23 07:43:27
WH04,P00186,129,17,24,2026-09-23 12:32:08
WH04,P00191,370,0,75,2026-09-23 11:01:20
WH04,P00196,245,14,66,2026-09-25 16:17:52
WH04,P00203,366,22,92,2026-09-24 12:45:53
WH04,P00211,3,3,58,2026-09-25 18:03:44
WH04,P00214,32,5,87,2026-09-25 10:18:43
WH04,P00217,178,15,77,2026-09-25 19:25:04
WH04,P00222,359,32,76,2026-09-25 11:16:30
WH04,P00225,375,26,39,2026-09-25 06:54:13
WH04,P00227,295,25,98,2026-09-23 05:44:19
WH04,P00231,196,43,31,2026-09-23 22:35:57
WH04,P00233,46,7,87,2026-09-23 19:09:32
WH04,P00236,273,13,57,2026-09-25 15:11:13
WH04,P00239,37,23,48,2026-09-23 04:59:55
WH04,P00241,145,36,72,2026-09-24 13:37:58
WH04,P00243,43,18,75,2026-09-23 21:01:01
WH04,P00245,348,49,60,2026-09-24 18:09:16
WH04,P00246,226,28,54,2026-09-24 12:54:00
WH04,P00251,313,18,41,2026-09-23 22:03:12
WH04,P00256,355,34,52,2026-09-23 05:35:42
WH04,P00259,106,28,24,2026-09-25 07:26:35
WH04,P00260,256,10,47,2026-09-24 02:01:47
WH04,P00261,51,36,61,2026-09-25 05:08:39
WH04,P00262,72,11,77,2026-09-24 10:19:28
WH04,P00263,68,25,47,2026-09-25 12:56:35
WH04,P00268,147,17,45,2026-09-24 00:16:13
WH04,P00275,255,19,22,2026-09-25 14:50:30
WH04,P00277,246,3,98,2026-09-25 22:40:56
WH04,P00279,325,11,79,2026-09-23 05:37:52
WH04,P00280,18,0,68,2026-09-24 07:57:46
WH04,P00281,25,16,30,2026-09-25 11:44:04
WH04,P00285,157,2,20,2026-09-24 08:47:11
WH04,P00287,251,42,72,2026-09-24 02:18:57
WH04,P00288,243,42,87,2026-09-25 10:28:57
WH04,P00289,207,18,46,2026-09-25 02:23:53
WH04,P00290,294,21,24,2026-09-25 07:49:56
WH04,P00293,112,45,84,2026-09-25 15:04:59
WH04,P00296,108,29,80,2026-09-24 05:47:05
WH04,P00297,95,42,91,2026-09-23 09:34:47
WH04,P00298,215,21,68,2026-09-25 01:43:52
WH04,P00299,246,50,69,2026-09-25 23:03:31
WH04,P00301,83,50,97,2026-09-25 15:24:54
WH04,P00314,227,30,29,2026-09-23 02:58:32
WH04,P00315,38,33,20,2026-09-25 07:42:47
WH04,P00318,273,48,26,2026-09-24 12:03:46
WH04,P00319,274,11,78,2026-09-25 10:03:51
WH04,P00321,84,0,31,2026-09-23 17:01:57
WH04,P00323,365,42,100,2026-09-23 17:07:39
WH04,P00325,370,28,20,2026-09-24 08:15:11
WH04,P00329,71,13,28,2026-09-23 00:09:14
WH04,P00331,280,24,76,2026-09-25 20:32:58
WH04,P00334,93,36,47,2026-09-25 09:53:32
WH04,P00337,67,32,89,2026-09-23 14:53:52
WH04,P00341,72,16,81,2026-09-23 23:09:29
WH04,P00348,15,12,51,2026-09-24 04:04:44
WH04,P00350,291,20,45,2026-09-23 12:26:47
WH04,P00351,179,4,60,2026-09-24 13:17:55
WH04,P00352,290,40,36,2026-09-25 17:05:23
WH04,P00354,270,12,38,2026-09-24 11:30:00
WH04,P00359,310,1,84,2026-09-25 09:57:59
WH04,P00374,272,20,74,2026-09-23 22:44:00
WH04,P00375,384,26,88,2026-09-24 09:21:20
WH04,P00377,289,10,82,2026-09-24 12:18:19
WH04,P00378,116,39,56,2026-09-24 12:03:49
WH04,P00379,85,15,70,2026-09-25 11:22:02
WH04,P00380,229,15,56,2026-09-23 05:04:27
WH04,P00383,327,23,51,2026-09-23 10:53:52
WH04,P00386,215,44,85,2026-09-23 10:25:30
WH04,P00388,32,24,81,2026-09-24 08:51:34
WH04,P00391,250,33,86,2026-09-23 22:49:50
WH04,P00392,15,11,69,2026-09-25 19:30:38
WH04,P00395,72,22,43,2026-09-24 18:32:51
WH04,P00401,292,12,98,2026-09-24 18:43:33
WH04,P00402,364,1,57,2026-09-25 07:05:19
WH04,P00404,297,10,78,2026-09-23 01:06:07
WH04,P00405,166,3,58,2026-09-23 12:39:04
WH04,P00408,240,12,81,2026-09-23 23:50:44
WH04,P00412,161,32,62,2026-09-23 10:20:40
WH04,P00413,75,36,33,2026-09-23 04:07:11
WH04,P00414,6,3,50,2026-09-23 11:21:15
WH04,P00415,3,2,90,2026-09-24 03:36:44
WH04,P00416,85,41,38,2026-09-25 11:33:44
WH04,P00417,365,2,34,2026-09-25 17:42:30
WH04,P00418,147,22,67,2026-09-24 00:59:43
WH04,P00427,266,38,47,2026-09-24 14:42:19
WH04,P00431,166,48,76,2026-09-24 21:52:46
WH04,P00435,211,8,29,2026-09-24 19:10:39
WH04,P00436,329,11,70,2026-09-23 19:30:20
WH04,P00438,327,6,26,2026-09-25 14:58:54
WH04,P00444,232,44,52,2026-09-24 01:57:49
WH04,P00445,54,32,69,2026-09-23 13:01:28
WH04,P00447,163,31,100,2026-09-25 20:03:10
WH04,P00448,318,19,36,2026-09-24 14:19:45
WH04,P00453,374,42,63,2026-09-23 15:07:32
WH04,P00454,74,44,35,2026-09-24 23:46:48
WH04,P00456,7,0,85,2026-09-24 04:27:30
WH04,P00468,172,33,56,2026-09-25 03:12:13
WH04,P00470,362,10,58,2026-09-24 00:54:56
WH04,P00474,182,24,67,2026-09-24 23:59:58
WH04,P00475,144,19,40,2026-09-23 01:50:44
WH04,P00477,377,18,85,2026-09-23 22:03:48
WH04,P00479,341,14,32,2026-09-24 12:14:39
WH04,P00481,88,44,23,2026-09-23 20:04:47
WH04,P00482,43,7,43,2026-09-24 20:46:01
WH04,P00485,156,30,23,2026-09-25 00:33:31
WH04,P00488,214,35,49,2026-09-23 22:34:10
WH04,P00493,154,24,21,2026-09-24 16:30:10
WH04,P00494,111,50,91,2026-09-25 03:03:09
WH04,P00495,198,20,83,2026-09-24 22:01:51
WH04,P00496,154,19,49,2026-09-24 08:16:24
WH04,P00497,195,15,45,2026-09-25 10:38:32
WH04,P00498,258,49,30,2026-09-23 03:47:12
WH04,P00501,392,29,99,2026-09-23 16:08:38
WH04,P00504,207,23,29,2026-09-24 07:57:43
WH04,P00505,324,14,76,2026-09-24 23:31:45
WH04,P00507,113,27,95,2026-09-23 21:46:03
WH04,P00512,386,50,67,2026-09-24 04:27:39
WH04,P00516,106,31,35,2026-09-25 02:31:25
WH04,P00517,357,6,52,2026-09-24 16:48:48
WH04,P00518,79,22,68,2026-09-23 02:25:54
WH04,P00520,17,0,47,2026-09-25 10:47:00
WH04,P00522,270,14,59,2026-09-25 12:26:40
WH04,P00523,204,6,72,2026-09-25 02:49:01
WH04,P00524,190,6,68,2026-09-24 03:34:53
WH04,P00525,363,20,65,2026-09-25 16:54:49
WH04,P00530,174,22,53,2026-09-24 04:58:35
WH04,P00533,126,32,36,2026-09-24 06:53:20
WH04,P00534,72,44,71,2026-09-24 02:43:32
WH04,P00536,293,39,41,2026-09-25 14:40:45
WH04,P00537,37,10,25,2026-09-24 16:43:21
WH04,P00538,332,23,100,2026-09-25 22:17:03
WH04,P00539,365,34,61,2026-09-24 16:11:01
WH04,P00540,203,6,88,2026-09-25 07:37:55
WH04,P00541,353,29,37,2026-09-24 04:45:11
WH04,P00547,273,48,97,2026-09-25 08:36:07
WH04,P00551,128,43,21,2026-09-23 03:13:12
WH04,P00555,151,47,93,2026-09-25 05:03:03
WH04,P00559,288,34,60,2026-09-25 10:29:50
WH04,P00561,123,13,36,2026-09-25 20:08:02
WH04,P00562,364,2,74,2026-09-24 10:13:40
WH04,P00568,91,43,88,2026-09-25 22:24:40
WH04,P00569,324,43,83,2026-09-25 18:13:11
WH04,P00570,250,14,57,2026-09-23 03:37:15
WH04,P00573,86,10,57,2026-09-24 17:05:52
WH04,P00577,69,9,33,2026-09-23 18:50:57
WH04,P00579,353,17,93,2026-09-25 07:58:14
WH04,P00582,42,16,31,2026-09-23 01:45:27
WH04,P00589,4,0,38,2026-09-25 08:11:41
WH04,P00590,322,44,46,2026-09-24 10:07:00
WH04,P00591,173,50,84,2026-09-23 21:31:20
WH04,P00593,72,34,66,2026-09-24 06:26:19
WH04,P00594,343,11,43,2026-09-25 10:48:35
WH04,P00596,394,22,51,2026-09-25 05:57:31
WH04,P00597,8,0,58,2026-09-23 21:54:11
WH05,P00002,229,45,82,2026-09-23 10:06:53
WH05,P00006,180,49,68,2026-09-23 08:37:51
WH05,P00009,240,37,100,2026-09-23 14:14:47
WH05,P00010,324,13,99,2026-09-24 18:17:13
WH05,P00011,55,3,67,2026-09-24 08:03:45
WH05,P00013,14,6,88,2026-09-23 10:40:05
WH05,P00014,140,27,96,2026-09-24 06:47:28
WH05,P00015,178,8,99,2026-09-25 21:54:57
WH05,P00020,226,33,50,2026-09-24 21:03:26
WH05,P00022,76,31,69,2026-09-23 03:22:37
WH05,P00024,357,47,34,2026-09-23 15:17:32
WH05,P00025,82,41,37,2026-09-23 02:51:56
WH05,P00026,5,0,52,2026-09-24 08:27:19
WH05,P00028,261,25,59,2026-09-25 13:09:46
WH05,P00029,289,39,63,2026-09-24 10:20:22
WH05,P00030,11,6,78,2026-09-24 06:53:59
WH05,P00034,2,1,34,2026-09-23 13:34:08
WH05,P00036,20,9,28,2026-09-24 10:14:56
WH05,P00037,283,21,73,2026-09-23 16:18:52
WH05,P00040,249,30,39,2026-09-23 03:54:10
WH05,P00041,207,42,71,2026-09-23 10:43:57
WH05,P00042,399,47,81,2026-09-25 12:37:34
WH05,P00043,268,30,53,2026-09-25 01:54:53
WH05,P00045,294,32,99,2026-09-25 04:04:41
WH05,P00047,210,44,70,2026-09-23 16:59:35
WH05,P00048,216,41,49,2026-09-24 07:01:09
WH05,P00049,290,22,25,2026-09-25 23:51:37
WH05,P00055,165,18,34,2026-09-23 06:25:00
WH05,P00056,384,45,68,2026-09-23 19:52:06
WH05,P00057,382,20,86,2026-09-25 17:52:55
WH05,P00060,301,47,92,2026-09-24 17:00:25
WH05,P00063,6,2,71,2026-09-24 19:21:14
WH05,P00066,34,23,45,2026-09-23 14:08:41
WH05,P00067,25,23,48,2026-09-25 19:30:36
WH05,P00068,117,31,96,2026-09-24 05:14:55
WH05,P00069,212,34,80,2026-09-25 07:26:41
WH05,P00071,63,27,24,2026-09-25 11:05:45
WH05,P00076,31,27,82,2026-09-23 11:42:51
WH05,P00078,222,50,21,2026-09-25 03:29:38
WH05,P00081,246,12,58,2026-09-24 06:48:47
WH05,P00082,128,30,23,2026-09-25 18:32:44
WH05,P00086,373,2,85,2026-09-25 02:37:38
WH05,P00089,240,42,51,2026-09-23 21:27:06
WH05,P00090,326,28,48,2026-09-24 22:30:11
WH05,P00096,194,19,39,2026-09-25 03:23:17
WH05,P00098,154,46,40,2026-09-24 19:14:40
WH05,P00101,133,23,71,2026-09-23 03:15:42
WH05,P00103,70,31,40,2026-09-25 02:57:27
WH05,P00105,247,47,47,2026-09-24 10:34:05
WH05,P00106,320,18,20,2026-09-25 17:53:41
WH05,P00107,126,42,58,2026-09-25 00:01:10
WH05,P00108,351,48,73,2026-09-23 10:32:56
WH05,P00113,162,37,29,2026-09-23 11:55:06
WH05,P00114,70,27,62,2026-09-24 17:09:40
WH05,P00115,26,23,46,2026-09-23 02:45:20
WH05,P00117,312,43,54,2026-09-23 19:43:41
WH05,P00119,75,49,38,2026-09-23 20:18:03
WH05,P00122,166,16,95,2026-09-25 20:27:56
WH05,P00123,167,26,63,2026-09-23 05:00:19
WH05,P00125,268,19,84,2026-09-25 08:42:16
WH05,P00128,325,15,46,2026-09-25 19:36:12
WH05,P00131,220,17,59,2026-09-23 16:36:38
WH05,P00132,37,1,34,2026-09-23 07:11:26
WH05,P00133,196,44,92,2026-09-24 13:31:19
WH05,P00136,153,46,29,2026-09-23 10:58:55
WH05,P00137,354,16,80,2026-09-23 14:28:19
WH05,P00140,332,31,90,2026-09-25 08:01:30
WH05,P00143,187,50,55,2026-09-23 03:50:34
WH05,P00145,242,43,32,2026-09-23 19:16:22
WH05,P00149,394,35,90,2026-09-23 02:48:33
WH05,P00151,261,13,42,2026-09-23 05:00:10
WH05,P00155,298,47,70,2026-09-25 17:35:56
WH05,P00156,264,50,43,2026-09-24 11:07:10
WH05,P00159,257,41,67,2026-09-25 22:24:19
WH05,P00160,282,48,81,2026-09-23 04:01:18
WH05,P00161,306,45,33,2026-09-23 14:58:25
WH05,P00163,187,1,27,2026-09-24 18:31:16
WH05,P00164,219,3,55,2026-09-23 05:18:54
WH05,P00165,66,29,72,2026-09-25 07:13:16
WH05,P00169,116,0,55,2026-09-25 21:26:36
WH05,P00171,96,9,38,2026-09-25 10:46:25
WH05,P00175,6,4,65,2026-09-23 22:24:32
WH05,P00176,166,28,51,2026-09-25 07:53:22
WH05,P00182,219,46,92,2026-09-25 03:23:31
WH05,P00183,356,13,24,2026-09-23 04:13:15
WH05,P00187,186,39,44,2026-09-23 18:08:10
WH05,P00189,222,14,35,2026-09-24 18:14:18
WH05,P00190,138,10,63,2026-09-24 01:44:41
WH05,P00191,85,30,95,2026-09-23 18:48:51
WH05,P00192,58,49,51,2026-09-25 20:00:09
WH05,P00194,244,2,93,2026-09-24 14:49:41
WH05,P00198,71,3,22,2026-09-24 13:57:50
WH05,P00200,252,12,66,2026-09-24 22:04:41
WH05,P00201,182,16,63,2026-09-25 08:22:29
WH05,P00202,51,34,87,2026-09-23 01:06:33
WH05,P00206,328,30,97,2026-09-25 08:36:11
WH05,P00208,185,4,68,2026-09-24 14:21:08
WH05,P00211,33,25,98,2026-09-25 18:53:02
WH05,P00212,86,47,72,2026-09-24 19:37:06
WH05,P00214,97,40,45,2026-09-24 19:02:36
WH05,P00216,227,19,81,2026-09-24 15:14:00
WH05,P00220,216,19,47,2026-09-25 16:23:33
WH05,P00221,192,7,33,2026-09-24 05:45:09
WH05,P00222,4,1,67,2026-09-23 07:34:43
WH05,P00223,283,41,59,2026-09-25 14:48:54
WH05,P00234,2,0,67,2026-09-25 01:23:23
WH05,P00236,197,33,59,2026-09-23 19:05:34
WH05,P00237,396,7,91,2026-09-23 04:55:51
WH05,P00238,2,1,20,2026-09-23 15:36:12
WH05,P00239,55,3,33,2026-09-24 04:24:06
WH05,P00240,366,44,69,2026-09-24 07:09:50
WH05,P00243,252,42,79,2026-09-25 10:47:13
WH05,P00244,267,33,65,2026-09-25 18:48:13
WH05,P00246,291,26,21,2026-09-25 21:58:01
WH05,P00251,227,3,41,2026-09-24 12:59:03
WH05,P00253,80,25,60,2026-09-23 00:09:28
WH05,P00258,286,6,32,2026-09-25 10:11:22
WH05,P00260,102,4,75,2026-09-23 10:28:04
WH05,P00266,222,15,75,2026-09-24 01:14:35
WH05,P00267,11,9,99,2026-09-25 03:29:41
WH05,P00268,346,23,41,2026-09-24 17:27:49
WH05,P00270,78,31,53,2026-09-23 00:33:47
WH05,P00272,211,42,98,2026-09-25 01:58:38
WH05,P00273,325,37,85,2026-09-23 13:03:58
WH05,P00275,45,8,47,2026-09-24 12:15:48
WH05,P00276,186,24,32,2026-09-24 06:18:35
WH05,P00278,139,39,45,2026-09-23 17:49:31
WH05,P00282,122,26,86,2026-09-23 13:49:21
WH05,P00293,145,14,85,2026-09-23 23:29:45
WH05,P00299,307,42,74,2026-09-25 12:43:15
WH05,P00302,374,39,26,2026-09-24 19:41:49
WH05,P00307,251,9,23,2026-09-25 09:56:25
WH05,P00315,147,43,78,2026-09-23 03:42:21
WH05,P00321,168,27,72,2026-09-25 00:01:01
WH05,P00322,56,10,30,2026-09-24 07:56:22
WH05,P00327,180,34,87,2026-09-25 00:48:43
WH05,P00329,98,17,67,2026-09-25 08:01:58
WH05,P00331,237,44,79,2026-09-25 08:50:36
WH05,P00332,48,19,28,2026-09-23 14:14:03
WH05,P00336,251,21,49,2026-09-24 03:04:21
WH05,P00338,362,29,51,2026-09-24 17:08:10
WH05,P00339,319,47,72,2026-09-24 18:46:49
WH05,P00341,147,38,95,2026-09-23 00:13:38
WH05,P00342,121,0,96,2026-09-23 06:37:02
WH05,P00349,391,46,43,2026-09-23 09:44:39
WH05,P00350,337,8,55,2026-09-23 04:19:58
WH05,P00352,162,23,77,2026-09-25 13:59:07
WH05,P00356,281,47,90,2026-09-24 17:40:18
WH05,P00357,264,49,58,2026-09-23 16:44:28
WH05,P00358,376,30,84,2026-09-25 16:39:27
WH05,P00366,301,40,26,2026-09-24 13:43:46
WH05,P00369,159,29,83,2026-09-25 00:00:43
WH05,P00372,2,1,56,2026-09-23 18:04:24
WH05,P00373,183,18,33,2026-09-25 00:47:34
WH05,P00376,151,6,72,2026-09-23 13:31:11
WH05,P00379,293,47,36,2026-09-23 16:11:58
WH05,P00380,174,27,63,2026-09-24 18:44:58
WH05,P00381,292,17,87,2026-09-25 14:46:24
WH05,P00382,217,9,59,2026-09-23 02:39:16
WH05,P00383,65,43,49,2026-09-24 11:45:09
WH05,P00384,392,33,62,2026-09-23 10:59:29
WH05,P00385,143,40,35,2026-09-23 17:04:02
WH05,P00387,103,14,68,2026-09-25 18:30:35
WH05,P00389,280,33,30,2026-09-23 14:09:42
WH05,P00390,7,5,74,2026-09-25 15:26:09
WH05,P00391,191,41,27,2026-09-25 07:10:53
WH05,P00394,390,42,92,2026-09-24 05:57:31
WH05,P00400,155,32,90,2026-09-25 17:04:08
WH05,P00402,37,9,31,2026-09-24 21:42:47
WH05,P00404,106,10,57,2026-09-25 21:01:06
WH05,P00405,277,35,60,2026-09-23 22:06:39
WH05,P00410,149,17,47,2026-09-24 13:34:30
WH05,P00413,217,1,81,2026-09-23 10:44:54
WH05,P00415,372,23,44,2026-09-23 07:36:28
WH05,P00419,345,4,79,2026-09-25 14:35:09
WH05,P00422,354,7,60,2026-09-23 21:21:26
WH05,P00423,80,37,49,2026-09-23 07:07:21
WH05,P00426,47,15,37,2026-09-23 00:49:34
WH05,P00428,260,11,81,2026-09-25 13:46:19
WH05,P00431,274,29,97,2026-09-24 17:20:09
WH05,P00433,48,21,49,2026-09-24 05:50:05
WH05,P00441,19,7,69,2026-09-24 11:50:10
WH05,P00444,272,43,27,2026-09-25 19:20:40
WH05,P00445,289,27,100,2026-09-25 14:15:11
WH05,P00446,317,50,47,2026-09-24 16:32:20
WH05,P00447,199,26,43,2026-09-23 20:55:10
WH05,P00452,118,27,25,2026-09-24 03:06:31
WH05,P00453,146,33,52,2026-09-23 18:27:04
WH05,P00454,287,34,65,2026-09-25 22:09:53
WH05,P00455,297,32,63,2026-09-23 04:26:30
WH05,P00456,66,13,35,2026-09-24 06:11:35
WH05,P00459,46,15,85,2026-09-25 06:28:55
WH05,P00460,364,45,50,2026-09-25 12:24:10
WH05,P00462,90,8,44,2026-09-25 08:33:02
WH05,P00463,9,8,74,2026-09-23 00:21:09
WH05,P00464,209,19,96,2026-09-24 17:59:56
WH05,P00467,260,10,51,2026-09-23 12:03:04
WH05,P00469,211,5,48,2026-09-23 05:12:53
WH05,P00472,27,20,24,2026-09-25 23:19:01
WH05,P00474,319,36,58,2026-09-24 21:18:54
WH05,P00475,384,30,81,2026-09-25 05:22:23
WH05,P00479,286,12,99,2026-09-23 13:43:37
WH05,P00488,105,45,56,2026-09-23 05:54:06
WH05,P00489,169,14,76,2026-09-25 06:17:00
WH05,P00490,241,47,62,2026-09-24 21:49:46
WH05,P00492,226,23,91,2026-09-24 00:10:08
WH05,P00493,263,10,62,2026-09-24 01:42:31
WH05,P00494,334,11,85,2026-09-23 15:35:27
WH05,P00495,65,6,77,2026-09-23 20:18:34
WH05,P00498,280,9,47,2026-09-24 15:27:24
WH05,P00504,184,4,62,2026-09-23 08:22:39
WH05,P00506,394,34,41,2026-09-23 03:03:21
WH05,P00507,294,41,25,2026-09-23 23:34:17
WH05,P00508,159,3,81,2026-09-25 00:00:08
WH05,P00513,144,29,51,2026-09-24 18:42:53
WH05,P00514,52,13,63,2026-09-24 22:54:29
WH05,P00519,5,3,40,2026-09-23 20:06:59
WH05,P00520,17,14,58,2026-09-25 20:54:15
WH05,P00524,190,7,71,2026-09-24 11:45:06
WH05,P00527,189,5,80,2026-09-25 02:16:30
WH05,P00529,122,22,81,2026-09-23 11:53:32
WH05,P00530,171,9,39,2026-09-25 04:44:04
WH05,P00534,108,40,44,2026-09-23 04:31:44
WH05,P00536,369,25,29,2026-09-25 17:50:30
WH05,P00538,125,12,76,2026-09-25 07:20:53
WH05,P00543,315,38,69,2026-09-23 11:52:30
WH05,P00549,1,1,29,2026-09-25 06:05:30
WH05,P00550,323,4,96,2026-09-25 17:59:57
WH05,P00553,247,18,30,2026-09-24 23:35:12
WH05,P00555,324,18,87,2026-09-23 04:22:58
WH05,P00556,221,16,40,2026-09-23 04:15:22
WH05,P00558,85,38,65,2026-09-24 01:14:50
WH05,P00559,34,3,46,2026-09-24 18:42:07
WH05,P00561,66,20,81,2026-09-25 01:31:44
WH05,P00564,137,37,94,2026-09-24 11:43:56
WH05,P00565,174,11,72,2026-09-25 18:51:56
WH05,P00567,118,17,21,2026-09-25 10:24:52
WH05,P00568,243,20,47,2026-09-24 15:02:32
WH05,P00573,64,23,66,2026-09-23 08:41:21
WH05,P00577,321,36,24,2026-09-23 06:02:17
WH05,P00580,273,28,29,2026-09-24 10:04:23
WH05,P00581,213,16,59,2026-09-25 08:31:23
WH05,P00582,58,38,33,2026-09-24 10:52:00
WH05,P00586,372,13,90,2026-09-24 01:55:25
WH05,P00588,142,50,49,2026-09-25 19:38:21
WH05,P00591,19,5,20,2026-09-24 16:14:44
WH05,P00596,233,43,95,2026-09-25 06:48:42
WH05,P00597,88,43,56,2026-09-25 20:46:40
WH05,P00600,155,0,65,2026-09-24 11:51:59
WH06,P00008,293,38,82,2026-09-23 05:04:33
WH06,P00014,69,45,57,2026-09-23 07:39:14
WH06,P00016,164,1,80,2026-09-25 22:15:49
WH06,P00022,350,10,98,2026-09-24 19:38:30
WH06,P00023,151,33,59,2026-09-23 14:23:26
WH06,P00026,250,9,53,2026-09-25 00:30:43
WH06,P00029,196,14,29,2026-09-25 22:10:41
WH06,P00030,55,48,34,2026-09-23 14:21:13
WH06,P00033,270,1,54,2026-09-24 12:10:57
WH06,P00034,52,2,24,2026-09-23 20:51:30
WH06,P00038,165,15,25,2026-09-25 09:32:06
WH06,P00041,69,23,61,2026-09-25 15:51:00
WH06,P00048,165,16,76,2026-09-23 02:48:41
WH06,P00052,17,6,46,2026-09-25 23:54:56
WH06,P00056,178,39,35,2026-09-24 00:26:28
WH06,P00057,91,36,32,2026-09-24 11:44:07
WH06,P00060,387,48,93,2026-09-25 17:41:18
WH06,P00061,254,1,93,2026-09-23 21:57:07
WH06,P00064,171,1,80,2026-09-25 04:26:25
WH06,P00067,68,33,66,2026-09-23 13:48:25
WH06,P00070,2,2,74,2026-09-23 04:15:14
WH06,P00074,372,20,87,2026-09-25 03:36:49
WH06,P00075,328,2,27,2026-09-25 01:43:27
WH06,P00078,154,26,63,2026-09-25 10:59:29
WH06,P00080,175,0,83,2026-09-25 05:23:20
WH06,P00083,182,0,81,2026-09-24 17:12:17
WH06,P00090,378,21,77,2026-09-25 11:47:26
WH06,P00092,307,25,26,2026-09-25 11:06:15
WH06,P00093,220,10,29,2026-09-25 06:25:18
WH06,P00095,94,45,73,2026-09-23 15:00:34
WH06,P00097,312,4,66,2026-09-25 23:55:04
WH06,P00099,195,27,37,2026-09-23 02:38:10
WH06,P00102,320,26,71,2026-09-25 18:20:00
WH06,P00103,368,49,84,2026-09-23 20:22:59
WH06,P00104,224,2,72,2026-09-25 00:40:42
WH06,P00112,324,41,37,2026-09-24 03:38:53
WH06,P00115,214,23,40,2026-09-24 22:58:26
WH06,P00117,180,45,73,2026-09-24 20:34:00
WH06,P00123,317,5,32,2026-09-25 21:15:41
WH06,P00125,275,29,31,2026-09-23 23:10:13
WH06,P00130,220,20,58,2026-09-25 20:51:55
WH06,P00134,116,43,48,2026-09-24 22:58:42
WH06,P00135,10,7,62,2026-09-23 23:41:36
WH06,P00137,388,40,79,2026-09-24 05:41:21
WH06,P00140,184,20,38,2026-09-24 05:04:50
WH06,P00144,143,20,21,2026-09-24 12:44:38
WH06,P00146,302,37,42,2026-09-23 05:31:40
WH06,P00151,242,30,66,2026-09-23 01:02:44
WH06,P00152,148,0,54,2026-09-25 07:01:15
WH06,P00154,318,26,94,2026-09-24 09:51:13
WH06,P00156,333,16,78,2026-09-23 07:22:30
WH06,P00160,215,0,54,2026-09-23 03:40:33
WH06,P00161,174,16,44,2026-09-24 06:44:35
WH06,P00162,184,5,82,2026-09-23 15:02:19
WH06,P00163,318,7,94,2026-09-23 04:22:48
WH06,P00168,206,39,92,2026-09-23 07:59:38
WH06,P00172,266,34,81,2026-09-25 19:12:00
WH06,P00177,333,7,46,2026-09-24 05:01:35
WH06,P00178,132,6,72,2026-09-24 01:28:41
WH06,P00179,356,38,25,2026-09-23 15:45:42
WH06,P00181,269,16,75,2026-09-23 23:36:48
WH06,P00182,391,3,83,2026-09-24 17:39:53
WH06,P00186,336,48,70,2026-09-25 22:21:28
WH06,P00187,92,43,93,2026-09-24 09:48:58
WH06,P00189,85,42,78,2026-09-24 18:04:35
WH06,P00192,268,18,24,2026-09-24 02:42:01
WH06,P00194,97,47,54,2026-09-23 10:46:56
WH06,P00195,151,42,63,2026-09-25 13:59:15
WH06,P00196,19,6,81,2026-09-25 23:00:53
WH06,P00200,80,39,85,2026-09-24 13:31:33
WH06,P00201,321,30,65,2026-09-25 16:25:56
WH06,P00202,352,18,54,2026-09-23 01:45:45
WH06,P00204,106,42,73,2026-09-25 09:22:51
WH06,P00205,220,3,70,2026-09-25 10:44:22
WH06,P00207,325,27,46,2026-09-23 14:53:24
WH06,P00209,158,10,100,2026-09-23 23:33:29
WH06,P00211,67,50,32,2026-09-24 20:02:59
WH06,P00212,346,24,46,2026-09-24 23:59:21
WH06,P00213,96,8,81,2026-09-25 21:49:38
WH06,P00215,346,36,67,2026-09-25 12:51:29
WH06,P00220,250,26,54,2026-09-24 17:15:47
WH06,P00222,300,29,21,2026-09-24 21:01:23
WH06,P00225,381,33,42,2026-09-24 19:33:22
WH06,P00226,306,42,80,2026-09-23 11:41:19
WH06,P00229,285,30,21,2026-09-23 22:05:13
WH06,P00235,324,45,25,2026-09-25 19:54:54
WH06,P00236,186,49,38,2026-09-24 17:06:33
WH06,P00239,115,30,57,2026-09-23 20:54:25
WH06,P00242,122,45,74,2026-09-23 07:20:02
WH06,P00244,348,43,100,2026-09-23 19:20:23
WH06,P00247,253,20,84,2026-09-23 20:14:24
WH06,P00250,101,29,20,2026-09-25 06:07:00
WH06,P00252,41,6,55,2026-09-24 06:37:12
WH06,P00259,98,35,55,2026-09-24 22:48:07
WH06,P00263,17,3,69,2026-09-25 16:11:27
WH06,P00266,344,11,67,2026-09-24 20:00:12
WH06,P00272,262,2,51,2026-09-23 12:23:11
WH06,P00274,248,26,83,2026-09-23 04:57:01
WH06,P00278,310,30,54,2026-09-25 15:23:34
WH06,P00285,125,28,63,2026-09-23 07:27:41
WH06,P00288,155,18,42,2026-09-23 17:23:22
WH06,P00289,357,32,62,2026-09-25 01:57:25
WH06,P00290,35,25,77,2026-09-24 21:25:54
WH06,P00295,26,17,29,2026-09-25 20:03:56
WH06,P00296,296,15,44,2026-09-25 05:00:07
WH06,P00299,32,6,29,2026-09-23 02:10:49
WH06,P00303,178,2,74,2026-09-24 05:28:29
WH06,P00304,25,2,85,2026-09-25 07:49:04
WH06,P00307,32,7,33,2026-09-23 03:51:20
WH06,P00308,229,21,35,2026-09-24 14:03:20
WH06,P00319,328,9,94,2026-09-24 08:06:20
WH06,P00321,157,3,52,2026-09-23 03:37:56
WH06,P00324,211,19,31,2026-09-25 11:46:45
WH06,P00325,46,17,53,2026-09-23 06:11:45
WH06,P00328,97,35,82,2026-09-24 02:08:54
WH06,P00331,339,21,23,2026-09-24 05:41:06
WH06,P00332,9,9,34,2026-09-24 10:07:11
WH06,P00334,308,6,38,2026-09-24 19:12:32
WH06,P00335,116,27,40,2026-09-25 21:44:17
WH06,P00336,0,0,61,2026-09-23 06:45:50
WH06,P00338,281,6,89,2026-09-25 13:31:19
WH06,P00341,304,5,94,2026-09-24 09:10:26
WH06,P00342,8,6,27,2026-09-23 11:51:14
WH06,P00343,386,48,41,2026-09-25 22:29:59
WH06,P00344,235,29,98,2026-09-25 07:12:16
WH06,P00347,13,8,60,2026-09-25 01:46:24
WH06,P00348,215,43,46,2026-09-24 17:54:52
WH06,P00349,263,35,97,2026-09-23 15:29:39
WH06,P00351,72,31,92,2026-09-25 18:01:43
WH06,P00353,164,39,48,2026-09-24 15:18:36
WH06,P00354,254,12,92,2026-09-25 07:19:48
WH06,P00355,68,44,59,2026-09-25 03:06:03
WH06,P00356,279,5,64,2026-09-23 00:13:06
WH06,P00359,290,26,79,2026-09-23 12:46:14
WH06,P00360,317,13,88,2026-09-24 15:51:42
WH06,P00362,20,16,47,2026-09-25 20:58:04
WH06,P00363,65,32,51,2026-09-24 04:26:14
WH06,P00366,374,26,44,2026-09-25 12:26:10
WH06,P00367,171,7,94,2026-09-25 16:38:13
WH06,P00368,353,24,63,2026-09-23 13:52:25
WH06,P00369,73,8,22,2026-09-23 09:12:09
WH06,P00373,80,34,83,2026-09-24 07:23:19
WH06,P00375,145,4,33,2026-09-25 17:38:19
WH06,P00376,43,2,54,2026-09-25 03:07:01
WH06,P00380,278,46,97,2026-09-24 16:23:45
WH06,P00384,309,25,81,2026-09-24 15:20:29
WH06,P00385,36,22,56,2026-09-23 15:14:06
WH06,P00387,148,23,57,2026-09-23 01:31:51
WH06,P00394,356,5,65,2026-09-23 20:51:33
WH06,P00396,257,39,49,2026-09-25 23:59:31
WH06,P00397,377,24,25,2026-09-24 22:25:29
WH06,P00404,254,20,79,2026-09-23 01:21:54
WH06,P00405,116,23,94,2026-09-25 16:50:08
WH06,P00415,146,13,51,2026-09-24 21:00:12
WH06,P00417,129,39,59,2026-09-25 00:41:09
WH06,P00423,111,1,41,2026-09-24 21:30:02
WH06,P00427,227,36,42,2026-09-23 05:06:33
WH06,P00429,54,23,61,2026-09-25 09:40:19
WH06,P00430,324,11,88,2026-09-25 23:24:52
WH06,P00432,185,22,60,2026-09-24 10:43:50
WH06,P00433,2,1,36,2026-09-24 22:04:05
WH06,P00435,243,14,27,2026-09-24 12:59:00
WH06,P00442,396,42,93,2026-09-25 04:01:44
WH06,P00443,343,48,97,2026-09-25 01:03:24
WH06,P00447,227,5,72,2026-09-23 21:06:23
WH06,P00448,351,14,58,2026-09-23 19:25:57
WH06,P00449,211,2,61,2026-09-23 04:35:42
WH06,P00450,391,8,64,2026-09-24 18:05:46
WH06,P00455,395,15,51,2026-09-23 13:03:57
WH06,P00456,123,40,81,2026-09-23 06:40:39
WH06,P00457,61,32,23,2026-09-24 12:15:04
WH06,P00458,54,34,27,2026-09-23 19:00:10
WH06,P00465,279,31,91,2026-09-24 04:04:47
WH06,P00466,14,5,40,2026-09-25 03:28:33
WH06,P00467,258,21,72,2026-09-25 04:01:36
WH06,P00473,186,26,98,2026-09-23 22:02:29
WH06,P00480,68,50,88,2026-09-25 21:08:07
WH06,P00484,332,42,78,2026-09-24 00:47:14
WH06,P00486,48,33,99,2026-09-24 19:56:56
WH06,P00492,135,13,39,2026-09-24 14:51:29
WH06,P00493,91,36,38,2026-09-25 15:45:49
WH06,P00495,175,13,43,2026-09-25 16:28:47
WH06,P00497,209,23,74,2026-09-23 20:01:58
WH06,P00502,336,34,56,2026-09-23 13:43:36
WH06,P00503,155,47,47,2026-09-25 17:56:41
WH06,P00505,226,6,22,2026-09-25 02:36:49
WH06,P00515,19,15,88,2026-09-25 08:44:38
WH06,P00516,273,4,85,2026-09-25 22:16:30
WH06,P00518,336,39,82,2026-09-25 11:55:16
WH06,P00519,242,27,98,2026-09-25 05:11:51
WH06,P00520,71,2,62,2026-09-25 13:44:43
WH06,P00525,165,34,85,2026-09-25 09:06:35
WH06,P00526,86,42,55,2026-09-24 01:10:20
WH06,P00532,55,45,54,2026-09-25 11:30:44
WH06,P00534,353,28,47,2026-09-23 01:13:41
WH06,P00535,215,46,71,2026-09-23 08:52:22
WH06,P00536,157,0,63,2026-09-23 09:34:38
WH06,P00539,155,33,30,2026-09-24 02:14:36
WH06,P00542,83,34,31,2026-09-25 07:13:46
WH06,P00553,228,5,79,2026-09-25 15:13:51
WH06,P00556,332,1,28,2026-09-24 01:22:24
WH06,P00557,232,41,69,2026-09-24 10:37:54
WH06,P00558,40,11,96,2026-09-24 06:44:48
WH06,P00559,375,46,100,2026-09-24 06:21:25
WH06,P00560,111,21,42,2026-09-23 12:52:30
WH06,P00563,79,44,35,2026-09-23 15:29:47
WH06,P00564,287,15,79,2026-09-25 22:10:26
WH06,P00569,91,28,97,2026-09-23 23:41:54
WH06,P00571,248,11,71,2026-09-25 13:38:09
WH06,P00572,323,28,72,2026-09-25 10:09:42
WH06,P00573,20,17,79,2026-09-25 13:31:15
WH06,P00578,243,30,20,2026-09-23 11:36:24
WH06,P00583,190,32,69,2026-09-25 02:46:59
WH06,P00585,224,18,33,2026-09-23 15:36:44
WH06,P00586,64,15,52,2026-09-24 21:32:55
WH06,P00588,105,9,66,2026-09-25 18:17:53
WH06,P00593,195,1,98,2026-09-24 02:07:26
WH06,P00598,51,44,35,2026-09-23 03:17:18
WH06,P00599,379,4,75,2026-09-25 04:54:10
WH06,P00600,26,20,79,2026-09-25 18:02:30
