product_id,category,brand,cost,selling_price,supplier_id
P00001,Apparel,Nimbus,1788.78,2530.22,S020
P00002,Electronics,Cobalt,2983.03,4516.77,S020
P00003,Grocery,Vertex,616.63,751.0,S003
P00004,Grocery,Pinnacle,2331.5,3486.4,S027
P00005,Grocery,Aurora,1369.76,1956.54,S021
P00006,Grocery,Aurora,1919.8,2507.49,S032
P00007,Home & Kitchen,Solace,545.28,774.32,S033
P00008,Apparel,Pinnacle,4066.71,5762.35,S020
P00009,Beauty,Northline,1848.5,2448.15,S005
P00010,Home & Kitchen,Vertex,4209.88,5743.68,S004
P00011,Books,Nimbus,1521.74,2099.1,S040
P00012,Books,Pinnacle,3727.3,4423.5,S007
P00013,Grocery,Cobalt,2979.73,3752.51,S034
P00014,Books,Aurora,2402.58,2964.53,S020
P00015,Sports,Pinnacle,2547.97,3235.83,S021
P00016,Grocery,Pinnacle,1040.38,1363.86,S030
P00017,Electronics,Northline,3374.22,4619.39,S034
P00018,Apparel,Northline,4320.41,5965.35,S030
P00019,Books,Pinnacle,1376.28,1933.91,S028
P00020,Electronics,Pinnacle,4676.45,6737.11,S013
P00021,Apparel,Northline,1853.16,2240.65,S020
P00022,Books,Cobalt,4228.4,5556.56,S005
P00023,Home & Kitchen,Cobalt,3187.94,4744.89,S019
P00024,Grocery,Nimbus,3247.91,4068.26,S026
P00025,Electronics,Nimbus,1230.49,1488.87,S020
P00026,Beauty,Solace,2347.59,3225.42,S003
P00027,Electronics,Vertex,1049.85,1321.85,S018
P00028,Books,Aurora,3310.42,4040.02,S032
P00029,Electronics,Vertex,3922.06,4597.17,S039
P00030,Beauty,Vertex,1525.0,1792.53,S006
P00031,Books,Nimbus,2014.63,2993.59,S016
P00032,Electronics,Pinnacle,604.07,872.15,S038
P00033,Home & Kitchen,Solace,4750.89,7233.81,S006
P00034,Books,Vertex,1228.48,1472.84,S022
P00035,Books,Northline,4170.05,6025.28,S016
P00036,Electronics,Nimbus,4680.73,5791.01,S014
P00037,Home & Kitchen,Cobalt,4851.12,6431.57,S038
P00038,Sports,Aurora,326.83,445.6,S021
P00039,Apparel,Vertex,2751.44,3686.77,S010
P00040,Books,Vertex,1846.84,2652.56,S002
P00041,Electronics,Cobalt,3244.72,4906.31,S004
P00042,Apparel,Vertex,3468.88,5083.72,S036
P00043,Sports,Vertex,1954.22,2746.81,S008
P00044,Beauty,Solace,2697.81,3357.57,S001
P00045,Home & Kitchen,Vertex,4553.46,5952.24,S006
P00046,Home & Kitchen,Nimbus,4684.8,6805.46,S011
P00047,Books,Cobalt,4583.66,6428.77,S027
P00048,Electronics,Cobalt,3957.12,4984.45,S032
P00049,Books,Vertex,2381.9,3132.64,S028
P00050,Books,Nimbus,4389.97,6488.8,S017
P00051,Grocery,Northline,2556.36,3299.6,S036
P00052,Electronics,Cobalt,3702.04,4928.54,S004
P00053,Beauty,Cobalt,3224.8,3945.53,S009
P00054,Home & Kitchen,Vertex,65.23,80.23,S037
P00055,Grocery,Northline,457.05,554.46,S009
P00056,Books,Vertex,4242.45,6042.53,S029
P00057,Home & Kitchen,Nimbus,2417.91,3491.63,S038
P00058,Apparel,Aurora,4142.5,6088.69,S027
P00059,Beauty,Cobalt,1869.62,2444.34,S037
P00060,Grocery,Northline,1161.21,1775.77,S040
P00061,Beauty,Nimbus,3151.81,4767.86,S017
P00062,Beauty,Pinnacle,3521.24,4287.12,S028
P00063,Home & Kitchen,Nimbus,3021.94,3655.64,S037
P00064,Beauty,Cobalt,630.89,906.86,S030
P00065,Apparel,Northline,4144.92,5585.94,S014
P00066,Books,Vertex,993.19,1484.6,S019
P00067,Beauty,Cobalt,3744.89,4878.95,S014
P00068,Home & Kitchen,Northline,3020.41,4675.85,S013
P00069,Apparel,Aurora,2120.74,2785.4,S019
P00070,Beauty,Nimbus,4881.83,6073.94,S024
P00071,Electronics,Aurora,2935.37,4135.63,S031
P00072,Sports,Solace,709.36,907.48,S014
P00073,Sports,Pinnacle,3581.01,5132.95,S017
P00074,Electronics,Vertex,411.63,565.09,S016
P00075,Grocery,Northline,2381.12,3075.74,S039
P00076,Electronics,Vertex,3562.35,5250.69,S033
P00077,Beauty,Northline,3117.31,3962.11,S024
P00078,Electronics,Pinnacle,704.58,1061.72,S012
P00079,Home & Kitchen,Solace,1338.44,1808.9,S009
P00080,Beauty,Nimbus,493.76,708.1,S017
P00081,Apparel,Solace,628.37,733.73,S018
P00082,Home & Kitchen,Vertex,3751.73,5704.49,S040
P00083,Grocery,Vertex,4156.47,6320.69,S028
P00084,Beauty,Cobalt,4468.73,5703.07,S010
P00085,Sports,Cobalt,2800.59,4254.49,S029
P00086,Apparel,Nimbus,313.45,379.1,S003
P00087,Beauty,Solace,2377.73,2889.95,S008
P00088,Electronics,Solace,4976.25,7568.29,S023
P00089,Beauty,Solace,4944.65,6795.64,S008
P00090,Electronics,Vertex,4236.9,6341.59,S006
P00091,Books,Nimbus,1058.48,1337.54,S033
P00092,Sports,Pinnacle,4121.73,5668.61,S014
P00093,Grocery,Cobalt,2938.56,4521.42,S037
P00094,Apparel,Cobalt,943.82,1432.87,S032
P00095,Electronics,Vertex,3400.7,5117.87,S008
P00096,Electronics,Cobalt,2001.14,2773.85,S021
P00097,Books,Northline,811.19,959.17,S031
P00098,Grocery,Northline,2297.57,3520.06,S001
P00099,Grocery,Solace,1680.66,1962.24,S021
P00100,Books,Pinnacle,4739.72,7346.23,S009
P00101,Sports,Vertex,1096.27,1282.06,S021
P00102,Grocery,Pinnacle,4000.83,5791.28,S025
P00103,Apparel,Cobalt,508.13,636.21,S026
P00104,Apparel,Solace,491.48,732.77,S026
P00105,Sports,Nimbus,1460.43,2119.12,S008
P00106,Sports,Cobalt,1527.81,2246.55,S020
P00107,Home & Kitchen,Northline,4523.48,6293.99,S007
P00108,Beauty,Solace,4168.66,5648.79,S025
P00109,Beauty,Aurora,2408.38,3312.06,S028
P00110,Beauty,Northline,4064.42,5672.09,S028
P00111,Beauty,Northline,510.09,691.34,S015
P00112,Beauty,Pinnacle,3255.67,4673.37,S034
P00113,Electronics,Cobalt,465.65,622.71,S031
P00114,Sports,Vertex,1536.95,2372.55,S016
P00115,Electronics,Pinnacle,2639.31,3347.15,S005
P00116,Grocery,Solace,4590.64,6222.0,S027
P00117,Grocery,Cobalt,517.7,732.2,S017
P00118,Books,Pinnacle,1809.52,2504.79,S002
P00119,Apparel,Cobalt,613.98,868.56,S012
P00120,Beauty,Northline,4222.4,4932.2,S020
P00121,Books,Northline,1604.03,2309.22,S029
P00122,Books,Cobalt,3137.86,3941.25,S012
P00123,Grocery,Vertex,1094.79,1293.26,S007
P00124,Beauty,Aurora,2197.3,2542.64,S001
P00125,Sports,Solace,900.09,1206.88,S039
P00126,Books,Pinnacle,3643.26,4631.02,S024
P00127,Sports,Solace,3468.78,5325.47,S020
P00128,Apparel,Aurora,483.79,582.51,S002
P00129,Electronics,Nimbus,3495.36,4282.82,S031
P00130,Beauty,Cobalt,3260.68,4597.22,S035
P00131,Beauty,Nimbus,995.03,1264.05,S031
P00132,Apparel,Northline,2138.3,2558.65,S029
P00133,Books,Solace,4821.14,6453.56,S038
P00134,Books,Cobalt,1251.02,1586.21,S026
P00135,Sports,Cobalt,302.06,348.32,S028
P00136,Sports,Pinnacle,4898.46,7295.99,S039
P00137,Electronics,Solace,3668.84,5685.27,S026
P00138,Grocery,Northline,2456.2,3405.31,S032
P00139,Electronics,Solace,1197.93,1406.71,S037
P00140,Sports,Solace,1613.46,1896.47,S031
P00141,Sports,Vertex,628.86,879.82,S029
P00142,Home & Kitchen,Northline,3502.7,4057.26,S013
P00143,Grocery,Nimbus,2372.74,3144.46,S038
P00144,Grocery,Cobalt,4549.9,5849.63,S030
P00145,Sports,Solace,699.23,886.17,S027
P00146,Sports,Vertex,4173.75,5923.57,S031
P00147,Grocery,Nimbus,4008.79,5964.33,S019
P00148,Beauty,Nimbus,3468.95,4108.89,S012
P00149,Electronics,Cobalt,1037.45,1444.44,S027
P00150,Apparel,Nimbus,4718.12,6357.62,S036
P00151,Home & Kitchen,Vertex,282.89,327.38,S011
P00152,Grocery,Aurora,914.84,1366.57,S005
P00153,Apparel,Aurora,1721.79,2058.55,S036
P00154,Home & Kitchen,Cobalt,1159.27,1452.71,S023
P00155,Grocery,Vertex,3858.4,5625.69,S010
P00156,Grocery,Northline,4274.37,6409.32,S007
P00157,Beauty,Cobalt,3546.7,5393.3,S030
P00158,Electronics,Cobalt,4815.1,6993.0,S040
P00159,Electronics,Cobalt,3067.8,4581.31,S036
P00160,Sports,Aurora,257.75,307.28,S014
P00161,Home & Kitchen,Northline,4559.38,5529.68,S029
P00162,Books,Aurora,3821.73,5156.88,S010
P00163,Apparel,Aurora,3253.11,4176.48,S013
P00164,Books,Aurora,2223.59,2926.91,S016
P00165,Home & Kitchen,Pinnacle,4182.33,5602.09,S011
P00166,Books,Solace,471.91,613.0,S024
P00167,Books,Cobalt,3165.73,3951.4,S034
P00168,Books,Solace,2137.52,2653.25,S027
P00169,Books,Pinnacle,4594.2,6933.69,S024
P00170,Books,Aurora,4721.51,6265.59,S034
P00171,Home & Kitchen,Solace,4721.03,5589.28,S011
P00172,Electronics,Northline,2198.66,2874.32,S010
P00173,Sports,Northline,4517.43,5299.51,S034
P00174,Sports,Northline,4864.67,6410.28,S036
P00175,Home & Kitchen,Vertex,4374.05,6292.6,S001
P00176,Grocery,Nimbus,4143.67,6257.29,S026
P00177,Grocery,Pinnacle,2258.64,2782.77,S040
P00178,Books,Cobalt,3277.58,4683.62,S026
P00179,Electronics,Aurora,3888.23,5841.64,S035
P00180,Sports,Nimbus,1705.74,2456.33,S034
P00181,Electronics,Pinnacle,4960.02,6267.34,S036
P00182,Sports,Nimbus,1595.65,2052.46,S002
P00183,Grocery,Vertex,188.06,276.19,S016
P00184,Beauty,Pinnacle,4169.53,5301.88,S008
P00185,Home & Kitchen,Northline,3673.33,5460.89,S033
P00186,Sports,Aurora,1804.64,2109.79,S029
P00187,Beauty,Vertex,1524.91,2203.1,S016
P00188,Grocery,Northline,4036.67,6239.08,S035
P00189,Home & Kitchen,Vertex,4230.25,5260.46,S037
P00190,Grocery,Northline,3378.55,4850.72,S016
P00191,Apparel,Cobalt,570.87,774.43,S024
P00192,Beauty,Cobalt,2298.83,2778.41,S027
P00193,Apparel,Solace,455.64,535.32,S014
P00194,Grocery,Solace,2258.51,2930.91,S038
P00195,Books,Vertex,2816.89,4116.97,S038
P00196,Beauty,Northline,2519.2,3323.75,S032
P00197,Apparel,Nimbus,3672.0,4835.18,S033
P00198,Apparel,Northline,679.26,974.37,S033
P00199,Apparel,Solace,4323.19,5175.82,S031
P00200,Grocery,Vertex,211.41,256.38,S008
P00201,Electronics,Vertex,3027.92,3977.02,S037
P00202,Electronics,Vertex,1483.47,2016.2,S020
P00203,Beauty,Aurora,4955.55,6300.01,S010
P00204,Electronics,Vertex,753.59,1044.36,S019
P00205,Beauty,Aurora,1117.13,1650.73,S008
P00206,Electronics,Solace,2760.31,3248.96,S031
P00207,Home & Kitchen,Cobalt,2886.64,3972.9,S025
P00208,Grocery,Nimbus,2402.38,3454.65,S009
P00209,Beauty,Northline,2548.58,3400.76,S029
P00210,Electronics,Cobalt,787.46,1134.84,S040
P00211,Apparel,Solace,3339.29,4387.33,S022
P00212,Beauty,Northline,2727.92,4182.53,S018
P00213,Sports,Aurora,3247.29,4859.18,S037
P00214,Home & Kitchen,Pinnacle,3169.04,4622.48,S008
P00215,Grocery,Pinnacle,3237.38,3833.25,S037
P00216,Grocery,Nimbus,3800.2,5825.39,S031
P00217,Sports,Pinnacle,2538.06,2937.72,S012
P00218,Apparel,Nimbus,4813.76,6065.27,S038
P00219,Grocery,Vertex,2248.94,3312.17,S026
P00220,Electronics,Vertex,2965.02,3992.66,S028
P00221,Grocery,Vertex,943.51,1094.12,S025
P00222,Electronics,Pinnacle,1323.03,1582.16,S011
P00223,Books,Aurora,1462.49,1788.72,S010
P00224,Apparel,Aurora,1568.63,2059.47,S040
P00225,Sports,Aurora,4807.56,5877.64,S020
P00226,Beauty,Vertex,1980.2,2530.73,S017
P00227,Electronics,Aurora,1908.79,2827.1,S013
P00228,Apparel,Solace,1236.13,1716.74,S033
P00229,Electronics,Vertex,3774.33,4921.8,S004
P00230,Electronics,Solace,1625.77,2229.33,S002
P00231,Electronics,Vertex,2067.09,2570.42,S036
P00232,Apparel,Cobalt,4819.2,6843.45,S036
P00233,Grocery,Solace,3275.18,3930.96,S029
P00234,Apparel,Cobalt,465.35,653.5,S010
P00235,Books,Nimbus,1897.86,2930.53,S035
P00236,Grocery,Solace,4765.43,7312.75,S003
P00237,Books,Pinnacle,54.96,73.42,S019
P00238,Electronics,Solace,3282.64,3994.82,S018
P00239,Beauty,Vertex,3009.45,4471.43,S014
P00240,Electronics,Nimbus,2946.54,3990.0,S035
P00241,Beauty,Northline,2837.25,3604.03,S008
P00242,Home & Kitchen,Solace,4160.97,5991.92,S014
P00243,Home & Kitchen,Northline,3071.7,4708.81,S022
P00244,Sports,Solace,3194.09,4924.83,S018
P00245,Home & Kitchen,Nimbus,1267.35,1955.79,S030
P00246,Sports,Nimbus,4797.01,6146.81,S001
P00247,Electronics,Northline,3063.49,3528.26,S012
P00248,Sports,Solace,2095.16,3159.73,S026
P00249,Sports,Northline,2713.75,3975.43,S005
P00250,Books,Northline,2716.31,4093.56,S029
P00251,Books,Solace,3377.62,4361.18,S039
P00252,Books,Cobalt,1821.93,2224.35,S001
P00253,Apparel,Solace,667.58,866.65,S001
P00254,Home & Kitchen,Northline,1146.53,1327.58,S023
P00255,Sports,Vertex,997.98,1473.53,S015
P00256,Home & Kitchen,Aurora,1209.58,1629.94,S018
P00257,Grocery,Nimbus,2489.55,3564.09,S001
P00258,Beauty,Aurora,1020.63,1508.95,S018
P00259,Grocery,Nimbus,2867.06,3863.66,S037
P00260,Apparel,Aurora,3377.27,4698.42,S038
P00261,Home & Kitchen,Pinnacle,684.82,805.36,S015
P00262,Home & Kitchen,Nimbus,4410.97,6358.68,S002
P00263,Grocery,Pinnacle,4960.16,7079.11,S017
P00264,Electronics,Solace,3419.37,5140.14,S004
P00265,Books,Solace,4276.61,5470.64,S018
P00266,Beauty,Vertex,652.5,885.65,S034
P00267,Apparel,Aurora,3807.16,5724.14,S018
P00268,Home & Kitchen,Aurora,4596.04,6264.24,S026
P00269,Grocery,Cobalt,1013.31,1198.47,S002
P00270,Sports,Solace,4951.81,6141.49,S005
P00271,Home & Kitchen,Vertex,4589.13,5638.9,S005
P00272,Beauty,Solace,3148.67,3742.79,S002
P00273,Home & Kitchen,Cobalt,2983.03,4177.79,S017
P00274,Home & Kitchen,Cobalt,1273.41,1705.64,S004
P00275,Apparel,Aurora,4117.09,5590.47,S039
P00276,Sports,Solace,3116.85,4537.01,S038
P00277,Electronics,Solace,667.89,1028.42,S021
P00278,Books,Nimbus,4455.91,6360.12,S004
P00279,Home & Kitchen,Pinnacle,4599.62,6102.63,S028
P00280,Grocery,Aurora,375.66,533.82,S019
P00281,Grocery,Cobalt,4257.15,5579.73,S027
P00282,Sports,Pinnacle,1203.9,1673.22,S001
P00283,Beauty,Pinnacle,2294.39,3064.58,S040
P00284,Sports,Cobalt,551.33,777.58,S002
P00285,Apparel,Aurora,2297.68,2943.97,S007
P00286,Grocery,Cobalt,110.83,159.08,S013
P00287,Grocery,Vertex,4526.63,5433.73,S023
P00288,Beauty,Nimbus,2133.98,3072.61,S016
P00289,Apparel,Vertex,731.48,854.1,S038
P00290,Books,Vertex,2207.45,3386.0,S020
P00291,Apparel,Nimbus,2939.15,4016.22,S031
P00292,Home & Kitchen,Aurora,1577.94,2031.06,S034
P00293,Electronics,Nimbus,2952.88,4196.99,S033
P00294,Electronics,Solace,4104.96,5639.31,S023
P00295,Apparel,Cobalt,1017.27,1251.39,S005
P00296,Sports,Northline,1740.68,2466.79,S030
P00297,Grocery,Pinnacle,3018.82,3871.51,S022
P00298,Apparel,Aurora,3099.71,4083.8,S030
P00299,Beauty,Nimbus,4386.72,6642.45,S001
P00300,Beauty,Pinnacle,3211.9,4584.31,S014
P00301,Books,Vertex,1233.14,1780.45,S025
P00302,Electronics,Vertex,1066.32,1304.85,S001
P00303,Electronics,Nimbus,414.97,482.2,S019
P00304,Books,Vertex,2230.02,3127.68,S003
P00305,Home & Kitchen,Nimbus,4877.78,5997.96,S015
P00306,Home & Kitchen,Cobalt,4432.64,6372.07,S036
P00307,Apparel,Cobalt,1267.52,1557.02,S017
P00308,Sports,Nimbus,4557.71,5279.64,S025
P00309,Home & Kitchen,Nimbus,3291.6,4950.58,S020
P00310,Home & Kitchen,Northline,2308.21,2995.72,S011
P00311,Grocery,Solace,4708.75,7255.43,S005
P00312,Apparel,Cobalt,636.54,956.78,S013
P00313,Home & Kitchen,Vertex,998.82,1299.74,S039
P00314,Electronics,Cobalt,2176.22,3056.41,S040
P00315,Home & Kitchen,Cobalt,2957.26,4411.56,S010
P00316,Books,Vertex,1672.02,1958.44,S009
P00317,Beauty,Nimbus,4264.94,6556.72,S006
P00318,Grocery,Aurora,3934.09,5768.95,S011
P00319,Sports,Cobalt,2567.64,3724.42,S033
P00320,Apparel,Vertex,1902.62,2582.91,S024
P00321,Beauty,Solace,2651.1,3561.27,S018
P00322,Books,Pinnacle,2926.87,4112.96,S003
P00323,Beauty,Cobalt,1075.64,1622.02,S016
P00324,Beauty,Pinnacle,2009.7,2557.14,S011
P00325,Grocery,Aurora,4680.72,6083.26,S009
P00326,Grocery,Vertex,3770.53,4781.1,S015
P00327,Grocery,Vertex,2940.61,3928.95,S028
P00328,Home & Kitchen,Cobalt,2283.2,3020.68,S032
P00329,Apparel,Solace,1619.25,2109.8,S015
P00330,Electronics,Vertex,1364.84,1611.0,S033
P00331,Books,Vertex,2588.32,3642.96,S015
P00332,Electronics,Pinnacle,537.13,633.03,S013
P00333,Home & Kitchen,Vertex,1702.1,2417.06,S018
P00334,Apparel,Cobalt,993.68,1382.82,S035
P00335,Home & Kitchen,Vertex,4566.29,5266.82,S023
P00336,Beauty,Cobalt,3926.48,5149.67,S038
P00337,Sports,Pinnacle,3801.14,4389.39,S010
P00338,Sports,Northline,4334.06,5378.7,S014
P00339,Books,Pinnacle,2398.47,3253.12,S030
P00340,Books,Aurora,3626.43,4839.69,S021
P00341,Sports,Solace,4236.72,5598.9,S014
P00342,Electronics,Vertex,2221.47,3312.61,S009
P00343,Sports,Aurora,2908.67,3494.3,S032
P00344,Home & Kitchen,Nimbus,4061.49,6026.11,S027
P00345,Books,Cobalt,2157.31,3130.37,S035
P00346,Grocery,Cobalt,1533.2,2123.15,S003
P00347,Home & Kitchen,Pinnacle,4614.61,5590.49,S039
P00348,Beauty,Solace,4573.07,6308.79,S014
P00349,Beauty,Nimbus,4746.03,5578.88,S031
P00350,Beauty,Northline,587.76,809.82,S020
P00351,Grocery,Nimbus,511.55,609.63,S003
P00352,Electronics,Nimbus,4141.05,5761.63,S013
P00353,Home & Kitchen,Nimbus,393.98,604.84,S015
P00354,Beauty,Aurora,1490.97,2027.36,S024
P00355,Books,Solace,2616.73,3189.09,S026
P00356,Grocery,Solace,827.33,988.08,S031
P00357,Books,Nimbus,3728.56,4868.0,S009
P00358,Books,Northline,4358.72,5552.59,S031
P00359,Home & Kitchen,Pinnacle,835.97,1153.67,S013
P00360,Home & Kitchen,Nimbus,2537.25,3612.88,S001
P00361,Books,Solace,4955.87,6582.85,S039
P00362,Grocery,Solace,4047.45,5505.92,S030
P00363,Electronics,Vertex,2340.34,2727.98,S030
P00364,Books,Vertex,1766.57,2626.99,S026
P00365,Apparel,Solace,3084.49,4546.52,S016
P00366,Beauty,Solace,938.91,1311.75,S025
P00367,Grocery,Aurora,4558.62,5576.91,S026
P00368,Books,Nimbus,3508.29,4095.81,S018
P00369,Sports,Aurora,4418.65,6031.88,S014
P00370,Books,Pinnacle,4548.25,5978.73,S008
P00371,Electronics,Pinnacle,4976.82,5875.7,S021
P00372,Apparel,Pinnacle,2079.98,2529.12,S003
P00373,Sports,Northline,2337.73,2756.83,S030
P00374,Books,Nimbus,1936.72,2805.11,S026
P00375,Sports,Nimbus,236.98,296.28,S021
P00376,Beauty,Aurora,3367.96,4498.58,S006
P00377,Beauty,Nimbus,2764.72,3447.38,S031
P00378,Apparel,Cobalt,4111.11,6111.68,S002
P00379,Electronics,Pinnacle,3054.59,3729.33,S026
P00380,Electronics,Northline,883.84,1253.78,S018
P00381,Apparel,Northline,809.81,1047.27,S003
P00382,Beauty,Northline,4468.8,6090.61,S004
P00383,Sports,Northline,4190.68,6179.6,S007
P00384,Electronics,Pinnacle,1983.56,2525.73,S001
P00385,Apparel,Nimbus,290.89,378.44,S024
P00386,Electronics,Solace,4548.34,5594.43,S002
P00387,Apparel,Northline,4946.99,6356.12,S005
P00388,Books,Cobalt,1141.81,1716.04,S011
P00389,Grocery,Aurora,3633.86,4242.91,S021
P00390,Grocery,Nimbus,1647.26,2307.34,S035
P00391,Apparel,Nimbus,2005.57,2649.66,S007
P00392,Beauty,Northline,1815.05,2213.36,S021
P00393,Apparel,Aurora,109.31,135.01,S018
P00394,Electronics,Nimbus,3267.23,4239.53,S027
P00395,Electronics,Northline,1542.59,2143.5,S035
P00396,Grocery,Nimbus,3966.74,6025.04,S017
P00397,Sports,Northline,4797.22,6667.88,S025
P00398,Sports,Nimbus,3405.61,5241.05,S022
P00399,Sports,Vertex,917.89,1335.24,S031
P00400,Grocery,Solace,384.19,444.53,S025
P00401,Grocery,Pinnacle,2579.58,3731.94,S001
P00402,Electronics,Vertex,1201.4,1677.8,S016
P00403,Grocery,Aurora,3702.67,5379.6,S004
P00404,Apparel,Nimbus,730.9,986.34,S025
P00405,Sports,Pinnacle,1061.71,1237.06,S029
P00406,Home & Kitchen,Vertex,3709.32,4753.4,S003
P00407,Sports,Cobalt,2628.32,4050.31,S019
P00408,Sports,Vertex,3765.23,4674.92,S022
P00409,Sports,Nimbus,1249.13,1705.97,S015
P00410,Home & Kitchen,Nimbus,3059.91,3985.82,S029
P00411,Beauty,Aurora,3167.42,3724.4,S013
P00412,Apparel,Nimbus,307.93,476.31,S006
P00413,Books,Nimbus,909.7,1245.87,S016
P00414,Beauty,Vertex,2561.75,3382.78,S011
P00415,Apparel,Pinnacle,3622.29,4520.51,S016
P00416,Sports,Nimbus,1550.35,2140.36,S018
P00417,Home & Kitchen,Solace,4319.01,5798.13,S025
P00418,Grocery,Pinnacle,880.44,1167.95,S028
P00419,Books,Solace,3813.61,5635.91,S002
P00420,Electronics,Cobalt,3821.55,5048.11,S020
P00421,Sports,Nimbus,2996.16,3628.71,S017
P00422,Home & Kitchen,Solace,1933.23,2459.72,S036
P00423,Apparel,Northline,3049.83,3595.07,S031
P00424,Electronics,Aurora,1018.79,1544.95,S033
P00425,Beauty,Solace,3665.32,4763.83,S026
P00426,Beauty,Vertex,4853.94,6306.52,S038
P00427,Electronics,Solace,402.61,605.53,S037
P00428,Home & Kitchen,Cobalt,853.69,1242.27,S023
P00429,Sports,Vertex,2572.56,3461.25,S004
P00430,Sports,Nimbus,3271.99,4975.41,S016
P00431,Home & Kitchen,Northline,2414.74,3666.99,S002
P00432,Home & Kitchen,Pinnacle,3502.48,4931.96,S030
P00433,Apparel,Pinnacle,4724.11,5711.2,S038
P00434,Electronics,Aurora,4761.3,7078.18,S006
P00435,Beauty,Northline,3239.77,4913.93,S038
P00436,Apparel,Solace,4872.02,5759.41,S011
P00437,Home & Kitchen,Pinnacle,4157.26,5201.35,S035
P00438,Home & Kitchen,Northline,3309.51,4312.67,S027
P00439,Books,Aurora,3774.69,5736.5,S007
P00440,Home & Kitchen,Cobalt,3199.09,4672.84,S010
P00441,Sports,Solace,1381.66,1704.71,S020
P00442,Beauty,Aurora,81.78,99.56,S007
P00443,Grocery,Solace,395.72,565.3,S019
P00444,Home & Kitchen,Nimbus,3678.56,4481.42,S009
P00445,Electronics,Solace,1030.2,1259.72,S037
P00446,Electronics,Northline,4081.13,4996.34,S012
P00447,Books,Solace,4055.43,4975.01,S029
P00448,Books,Northline,3152.85,4413.26,S011
P00449,Electronics,Vertex,445.06,527.08,S005
P00450,Beauty,Solace,1743.65,2413.66,S007
P00451,Electronics,Northline,97.06,121.95,S038
P00452,Apparel,Pinnacle,3956.58,4616.31,S001
P00453,Books,Vertex,1909.55,2593.23,S032
P00454,Beauty,Vertex,2392.5,3073.91,S024
P00455,Home & Kitchen,Cobalt,3425.21,4409.04,S016
P00456,Beauty,Pinnacle,4707.91,6666.55,S004
P00457,Books,Aurora,4877.76,7312.89,S001
P00458,Sports,Cobalt,2311.75,3304.24,S009
P00459,Grocery,Vertex,177.12,212.39,S016
P00460,Sports,Cobalt,1873.73,2618.24,S031
P00461,Electronics,Northline,2598.82,3674.97,S021
P00462,Electronics,Cobalt,132.32,171.23,S021
P00463,Beauty,Solace,3405.75,4234.79,S040
P00464,Beauty,Northline,3980.1,5131.68,S007
P00465,Apparel,Northline,3684.67,4670.49,S010
P00466,Books,Cobalt,4355.8,6535.85,S033
P00467,Electronics,Vertex,207.14,279.47,S036
P00468,Beauty,Aurora,4936.74,6599.05,S031
P00469,Apparel,Nimbus,3330.08,4150.48,S006
P00470,Electronics,Nimbus,572.07,885.19,S021
P00471,Apparel,Northline,4518.11,6580.73,S017
P00472,Sports,Aurora,3346.37,5121.96,S009
P00473,Beauty,Aurora,4617.54,6480.34,S022
P00474,Books,Pinnacle,4366.11,6648.33,S005
P00475,Sports,Northline,3237.73,4211.65,S025
P00476,Books,Solace,3286.9,4812.13,S015
P00477,Electronics,Aurora,1156.58,1383.59,S006
P00478,Apparel,Northline,1734.18,2405.1,S008
P00479,Home & Kitchen,Solace,2885.55,3465.45,S037
P00480,Grocery,Pinnacle,3697.74,4712.1,S013
P00481,Home & Kitchen,Cobalt,4243.24,6542.82,S024
P00482,Apparel,Pinnacle,3997.71,6090.79,S039
P00483,Electronics,Pinnacle,2974.34,3547.3,S030
P00484,Home & Kitchen,Cobalt,1613.83,2382.75,S015
P00485,Grocery,Vertex,2524.17,3362.99,S010
P00486,Books,Northline,3747.95,5583.14,S003
P00487,Sports,Aurora,3014.46,3839.09,S018
P00488,Beauty,Northline,4984.4,7140.7,S014
P00489,Beauty,Aurora,2500.38,3579.68,S022
P00490,Books,Northline,805.88,1157.81,S015
P00491,Books,Cobalt,3517.02,4118.52,S012
P00492,Home & Kitchen,Cobalt,4291.06,6183.24,S011
P00493,Home & Kitchen,Solace,4955.76,6785.31,S031
P00494,Beauty,Aurora,4952.06,7195.77,S034
P00495,Apparel,Northline,3647.44,4606.52,S036
P00496,Books,Cobalt,1999.17,2403.72,S038
P00497,Sports,Vertex,4335.98,5080.25,S030
P00498,Beauty,Northline,3290.44,4543.65,S031
P00499,Apparel,Cobalt,1490.85,1800.84,S013
P00500,Sports,Cobalt,3689.83,4256.78,S037
P00501,Books,Nimbus,554.64,812.1,S025
P00502,Books,Nimbus,4754.47,6279.92,S004
P00503,Apparel,Aurora,525.44,809.0,S008
P00504,Grocery,Solace,4902.37,6912.53,S010
P00505,Electronics,Aurora,3153.51,4136.14,S016
P00506,Grocery,Nimbus,2013.39,2559.17,S025
P00507,Sports,Northline,3890.46,6016.46,S006
P00508,Sports,Solace,3899.77,5833.89,S018
P00509,Electronics,Aurora,3180.05,4223.26,S008
P00510,Sports,Pinnacle,459.05,617.74,S015
P00511,Grocery,Solace,163.98,226.16,S018
P00512,Grocery,Nimbus,3483.94,4138.3,S025
P00513,Beauty,Vertex,2446.75,3444.63,S037
P00514,Sports,Cobalt,669.92,857.56,S035
P00515,Electronics,Solace,965.2,1423.81,S036
P00516,Grocery,Solace,4096.44,5994.69,S005
P00517,Sports,Cobalt,2618.56,3623.8,S008
P00518,Sports,Aurora,3779.87,4660.52,S012
P00519,Electronics,Pinnacle,4316.92,6164.93,S029
P00520,Apparel,Pinnacle,4012.54,4811.91,S014
P00521,Home & Kitchen,Cobalt,3280.57,3887.9,S003
P00522,Home & Kitchen,Vertex,468.82,562.53,S035
P00523,Sports,Aurora,899.44,1385.89,S016
P00524,Grocery,Cobalt,1537.97,2350.77,S019
P00525,Grocery,Solace,3312.83,4399.33,S021
P00526,Home & Kitchen,Pinnacle,2637.2,4072.91,S035
P00527,Sports,Cobalt,2577.42,3673.27,S003
P00528,Home & Kitchen,Cobalt,1223.65,1499.25,S014
P00529,Apparel,Pinnacle,4789.24,6661.15,S023
P00530,Beauty,Aurora,1423.11,2051.61,S036
P00531,Apparel,Solace,1312.09,1709.28,S030
P00532,Beauty,Northline,462.11,578.41,S010
P00533,Sports,Vertex,2702.73,3184.42,S013
P00534,Sports,Cobalt,3586.5,4933.08,S033
P00535,Apparel,Vertex,3044.48,4012.24,S028
P00536,Apparel,Aurora,1925.76,2957.21,S018
P00537,Grocery,Solace,666.88,796.25,S005
P00538,Home & Kitchen,Cobalt,1680.32,1992.17,S018
P00539,Home & Kitchen,Aurora,774.33,1137.68,S007
P00540,Beauty,Aurora,1916.92,2947.28,S008
P00541,Home & Kitchen,Pinnacle,919.87,1325.84,S032
P00542,Grocery,Cobalt,522.93,674.35,S019
P00543,Electronics,Nimbus,2780.13,3872.68,S021
P00544,Home & Kitchen,Cobalt,4735.23,6183.38,S035
P00545,Beauty,Solace,2780.77,4178.96,S038
P00546,Grocery,Northline,681.48,786.29,S010
P00547,Grocery,Northline,3304.94,3989.29,S018
P00548,Home & Kitchen,Northline,311.68,448.87,S016
P00549,Beauty,Nimbus,3407.17,4488.26,S029
P00550,Grocery,Vertex,4931.92,7246.9,S018
P00551,Sports,Cobalt,4765.45,6472.61,S015
P00552,Home & Kitchen,Solace,1560.68,2330.36,S021
P00553,Electronics,Northline,4233.97,5943.95,S016
P00554,Electronics,Aurora,4727.09,5748.36,S019
P00555,Books,Aurora,2793.09,3762.68,S028
P00556,Apparel,Solace,3401.31,5180.12,S032
P00557,Grocery,Northline,2599.31,4026.8,S008
P00558,Books,Northline,2057.08,2872.74,S001
P00559,Sports,Vertex,3585.09,5130.4,S016
P00560,Books,Pinnacle,4971.4,7031.89,S039
P00561,Apparel,Northline,259.66,345.21,S034
P00562,Home & Kitchen,Cobalt,4523.8,5518.7,S009
P00563,Beauty,Solace,2592.74,3969.47,S025
P00564,Home & Kitchen,Northline,893.9,1374.72,S016
P00565,Books,Aurora,4167.05,6210.2,S019
P00566,Apparel,Aurora,1530.93,1940.33,S037
P00567,Sports,Pinnacle,1998.43,3036.06,S003
P00568,Books,Solace,4680.3,7053.2,S004
P00569,Home & Kitchen,Vertex,1810.93,2528.44,S023
P00570,Sports,Nimbus,580.46,748.73,S026
P00571,Beauty,Nimbus,1804.94,2148.84,S006
P00572,Beauty,Aurora,2669.03,4028.64,S032
P00573,Home & Kitchen,Nimbus,84.21,122.76,S031
P00574,Beauty,Nimbus,2007.03,2548.35,S035
P00575,Beauty,Northline,4067.14,4854.04,S029
P00576,Beauty,Aurora,851.08,1099.17,S023
P00577,Electronics,Nimbus,4423.7,6342.2,S019
P00578,Sports,Vertex,249.27,326.0,S003
P00579,Beauty,Northline,843.55,1037.23,S018
P00580,Beauty,Cobalt,638.02,858.54,S009
P00581,Beauty,Pinnacle,1658.19,2413.92,S025
P00582,Books,Aurora,700.52,1073.95,S009
P00583,Books,Northline,819.93,1106.91,S016
P00584,Beauty,Pinnacle,307.6,455.84,S001
P00585,Beauty,Aurora,2199.93,2784.64,S028
P00586,Grocery,Nimbus,1276.35,1545.66,S016
P00587,Home & Kitchen,Northline,1441.64,1724.21,S016
P00588,Beauty,Northline,3348.34,4425.38,S007
P00589,Apparel,Nimbus,3520.67,4756.19,S038
P00590,Electronics,Nimbus,3163.09,3825.73,S026
P00591,Apparel,Solace,239.91,370.94,S002
P00592,Electronics,Solace,3101.51,3679.55,S027
P00593,Apparel,Nimbus,2648.61,3787.68,S022
P00594,Beauty,Northline,2159.08,2535.93,S004
P00595,Home & Kitchen,Vertex,1556.24,1957.28,S027
P00596,Apparel,Aurora,1272.49,1918.97,S001
P00597,Apparel,Vertex,308.05,446.03,S031
P00598,Beauty,Nimbus,1436.79,2000.89,S017
P00599,Home & Kitchen,Aurora,4744.22,6145.82,S007
P00600,Books,Cobalt,3361.29,4783.74,S009
